/* CA1
x2411699 
Marina Pavlovic*/

/*Part 2*/

/*Q1*/

CREATE DATABASE	 FashionRetailStore;

/*Q2*/

USE FashionRetailStore;

CREATE TABLE Customers(
Customer_ID INT NOT NULL,
F_Name VARCHAR (15) NOT NULL,
L_Name VARCHAR(20) NOT NULL,
DOB DATE,
PRIMARY KEY (Customer_ID));

SELECT * FROM Customers;

USE FashionRetailStore;

CREATE TABLE Cust_Contact(
Customer_ID INT NOT NULL,
Contact_ID INT NOT NULL,
Email VARCHAR(50) NOT NULL,
Tel_No VARCHAR(20) NOT NULL,
PRIMARY KEY (Contact_ID),
FOREIGN KEY (Customer_ID) REFERENCES Customers(Customer_ID));

SELECT * FROM Cust_Contact;

USE FashionRetailStore;

CREATE TABLE Cust_Address(
Customer_ID INT NOT NULL,
Address_ID VARCHAR(30) NOT NULL,
Address VARCHAR(40) NOT NULL,
City VARCHAR(30) NOT NULL,
Country VARCHAR(30) NOT NULL,
Postal_Code VARCHAR(20),
PRIMARY KEY (Address_ID),
FOREIGN KEY (Customer_ID) REFERENCES Customers(Customer_ID));

SELECT * FROM Cust_Address;

USE FashionRetailStore;

CREATE TABLE Orders(
Order_ID INT,
Customer_ID INT NOT NULL,
PRIMARY KEY (Order_ID),
FOREIGN KEY (Customer_ID) REFERENCES Customers(Customer_ID));

SELECT * FROM Orders;

USE FashionRetailStore;

CREATE TABLE Order_Item(
Order_ID INT,
Order_Item_ID INT,
Order_Date DATE,
Order_Qty INT,
PRIMARY KEY (Order_Item_ID),
FOREIGN KEY (Order_ID) REFERENCES Orders(Order_ID));

SELECT * FROM Order_Item;

USE FashionRetailStore;

CREATE TABLE Product(
Product_ID INT NOT NULL,
Order_Item_ID INT,
Prod_Name VARCHAR(40) NOT NULL,
PRIMARY KEY (Product_ID),
FOREIGN KEY (Order_Item_ID) REFERENCES Order_Item(Order_Item_ID));

SELECT * FROM Product;

USE FashionRetailStore;

CREATE TABLE Prod_Details(
Product_ID INT NOT NULL,
Details_ID INT NOT NULL,
Prod_Qty INT NOT NULL,
Prod_Description VARCHAR(50) NOT NULL,
Prod_Category VARCHAR(15) NOT NULL,
Prod_Price DECIMAL(10, 2) NOT NULL, 
PRIMARY KEY (Details_ID),
FOREIGN KEY (Product_ID) REFERENCES Product(Product_ID));

SELECT * FROM Prod_Details;

USE FashionRetailStore;

CREATE TABLE Supplier(
Supplier_ID INT NOT NULL,
Sup_Name VARCHAR(40)NOT NULL,
Sup_Address VARCHAR(40) NOT NULL,
Sup_Tel_No VARCHAR(30)NOT NULL,
Sup_Email VARCHAR(40)NOT NULL,
PRIMARY KEY (Supplier_ID));

SELECT * FROM Supplier;

USE FashionRetailStore;

CREATE TABLE Product_Supplier(
Product_ID INT NOT NULL,
Supplier_ID INT NOT NULL,
Prod_Supplier_ID INT NOT NULL,
PRIMARY KEY (Prod_Supplier_ID),
FOREIGN KEY (Supplier_ID) REFERENCES Supplier(Supplier_ID),
FOREIGN KEY (Product_ID) REFERENCES Product(Product_ID));

SELECT * FROM Product_Supplier;

/*Q3*/

USE FashionRetailStore;
INSERT INTO Customers (Customer_ID, F_Name, L_Name, DOB)
VALUES (10005, 'Harry', 'Loid', '1987-01-02');

SELECT * FROM Customers;

USE FashionRetailStore;
INSERT INTO Cust_Contact (Customer_ID, Contact_ID, Email, Tel_No)
VALUES (10005, '50200', 'harryloid@gmail.com', '+38388652588');

SELECT * FROM Cust_Contact;

USE FashionRetailStore;
INSERT INTO Cust_Address (Customer_ID, Address_ID, Address, City, Country, Postal_Code)
VALUES (10005, '35353', 'Blarney Street 35', 'Cork', 'Ireland', 'T12PH55');

SELECT * FROM Cust_Address;

/*Q4*/

USE FashionRetailStore;
insert into Customers (Customer_ID, F_Name, L_Name, DOB) values (1, 'Cordell', 'Thorouggood', '1982-07-19');
insert into Customers (Customer_ID, F_Name, L_Name, DOB) values (2, 'Vivienne', 'Ewdale', '2001-02-12');
insert into Customers (Customer_ID, F_Name, L_Name, DOB) values (3, 'Boniface', 'Defraine', '2001-07-20');
insert into Customers (Customer_ID, F_Name, L_Name, DOB) values (4, 'Gualterio', 'Haycraft', '2000-11-13');
insert into Customers (Customer_ID, F_Name, L_Name, DOB) values (5, 'Jarrad', 'Gent', '1975-12-12');
insert into Customers (Customer_ID, F_Name, L_Name, DOB) values (6, 'Ulrikaumeko', 'Twentyman', '1972-04-06');
insert into Customers (Customer_ID, F_Name, L_Name, DOB) values (7, 'Lorraine', 'Terren', '1998-05-22');
insert into Customers (Customer_ID, F_Name, L_Name, DOB) values (8, 'Jaquenette', 'Branton', '1978-01-18');
insert into Customers (Customer_ID, F_Name, L_Name, DOB) values (9, 'Mort', 'Hughson', '1978-06-22');
insert into Customers (Customer_ID, F_Name, L_Name, DOB) values (10, 'Tessa', 'Newbatt', '1995-07-16');
insert into Customers (Customer_ID, F_Name, L_Name, DOB) values (11, 'Bail', 'Hinchshaw', '1989-11-16');
insert into Customers (Customer_ID, F_Name, L_Name, DOB) values (12, 'Ulises', 'Abby', '1977-01-08');
insert into Customers (Customer_ID, F_Name, L_Name, DOB) values (13, 'Hettie', 'Beeke', '1976-11-08');
insert into Customers (Customer_ID, F_Name, L_Name, DOB) values (14, 'Pieter', 'Gonzalvo', '1984-01-19');
insert into Customers (Customer_ID, F_Name, L_Name, DOB) values (15, 'Berne', 'Canepe', '2002-04-22');
insert into Customers (Customer_ID, F_Name, L_Name, DOB) values (16, 'Dollie', 'Cases', '1980-03-08');
insert into Customers (Customer_ID, F_Name, L_Name, DOB) values (17, 'Alane', 'Leeuwerink', '1994-12-09');
insert into Customers (Customer_ID, F_Name, L_Name, DOB) values (18, 'Gardiner', 'Maylard', '1977-12-07');
insert into Customers (Customer_ID, F_Name, L_Name, DOB) values (19, 'Durand', 'Sutterfield', '1973-05-09');
insert into Customers (Customer_ID, F_Name, L_Name, DOB) values (20, 'Lisle', 'Wishart', '2001-06-21');
insert into Customers (Customer_ID, F_Name, L_Name, DOB) values (21, 'Giorgi', 'Bassingham', '1973-01-08');
insert into Customers (Customer_ID, F_Name, L_Name, DOB) values (22, 'Mayer', 'Sandom', '1998-03-12');
insert into Customers (Customer_ID, F_Name, L_Name, DOB) values (23, 'Huntington', 'Pendlebery', '1987-09-16');
insert into Customers (Customer_ID, F_Name, L_Name, DOB) values (24, 'Dniren', 'Cain', '1984-06-04');
insert into Customers (Customer_ID, F_Name, L_Name, DOB) values (25, 'Esther', 'Traise', '2003-03-01');
insert into Customers (Customer_ID, F_Name, L_Name, DOB) values (26, 'Sharron', 'Decker', '1997-10-14');
insert into Customers (Customer_ID, F_Name, L_Name, DOB) values (27, 'Korie', 'Kingsnode', '1995-01-23');
insert into Customers (Customer_ID, F_Name, L_Name, DOB) values (28, 'Danya', 'Demanche', '1990-09-09');
insert into Customers (Customer_ID, F_Name, L_Name, DOB) values (29, 'Claudie', 'Rosi', '1973-05-18');
insert into Customers (Customer_ID, F_Name, L_Name, DOB) values (30, 'Josey', 'Tebboth', '1974-01-14');
insert into Customers (Customer_ID, F_Name, L_Name, DOB) values (31, 'Marshal', 'Sans', '1975-06-28');
insert into Customers (Customer_ID, F_Name, L_Name, DOB) values (32, 'Gifford', 'Essex', '1991-05-09');
insert into Customers (Customer_ID, F_Name, L_Name, DOB) values (33, 'Alwin', 'McAnalley', '1988-04-07');
insert into Customers (Customer_ID, F_Name, L_Name, DOB) values (34, 'Vanda', 'Titta', '1975-07-15');
insert into Customers (Customer_ID, F_Name, L_Name, DOB) values (35, 'Ileane', 'Vidgeon', '2000-07-31');
insert into Customers (Customer_ID, F_Name, L_Name, DOB) values (36, 'Salomone', 'Brouard', '1976-11-07');
insert into Customers (Customer_ID, F_Name, L_Name, DOB) values (37, 'Renato', 'Lazer', '2004-06-29');
insert into Customers (Customer_ID, F_Name, L_Name, DOB) values (38, 'Allix', 'Murrhaupt', '1995-12-14');
insert into Customers (Customer_ID, F_Name, L_Name, DOB) values (39, 'Toby', 'Brookson', '1991-08-16');
insert into Customers (Customer_ID, F_Name, L_Name, DOB) values (40, 'Zorah', 'Holme', '2001-05-22');
insert into Customers (Customer_ID, F_Name, L_Name, DOB) values (41, 'Cheryl', 'Gaynes', '1985-12-24');
insert into Customers (Customer_ID, F_Name, L_Name, DOB) values (42, 'Yancey', 'Ambrosch', '2002-07-01');
insert into Customers (Customer_ID, F_Name, L_Name, DOB) values (43, 'Ninetta', 'Jeffs', '1986-07-11');
insert into Customers (Customer_ID, F_Name, L_Name, DOB) values (44, 'Winifred', 'Darrigrand', '1976-08-03');
insert into Customers (Customer_ID, F_Name, L_Name, DOB) values (45, 'Fleur', 'Jonsson', '1993-12-01');
insert into Customers (Customer_ID, F_Name, L_Name, DOB) values (46, 'Sindee', 'Alcalde', '1986-11-05');
insert into Customers (Customer_ID, F_Name, L_Name, DOB) values (47, 'Melamie', 'Buchanan', '2001-07-28');
insert into Customers (Customer_ID, F_Name, L_Name, DOB) values (48, 'Christabel', 'Grain', '2001-04-15');
insert into Customers (Customer_ID, F_Name, L_Name, DOB) values (49, 'Ginger', 'Nicholson', '1999-09-25');
insert into Customers (Customer_ID, F_Name, L_Name, DOB) values (50, 'Bret', 'MacCambridge', '1973-12-03');
insert into Customers (Customer_ID, F_Name, L_Name, DOB) values (51, 'Eden', 'Eudall', '1990-11-02');
insert into Customers (Customer_ID, F_Name, L_Name, DOB) values (52, 'Dan', 'des Remedios', '2000-05-28');
insert into Customers (Customer_ID, F_Name, L_Name, DOB) values (53, 'Cointon', 'Bilbrey', '1971-09-13');
insert into Customers (Customer_ID, F_Name, L_Name, DOB) values (54, 'Saw', 'Schenkel', '1980-10-01');
insert into Customers (Customer_ID, F_Name, L_Name, DOB) values (55, 'Leeanne', 'Jakaway', '1984-09-06');
insert into Customers (Customer_ID, F_Name, L_Name, DOB) values (56, 'Noellyn', 'Marzelle', '2000-10-14');
insert into Customers (Customer_ID, F_Name, L_Name, DOB) values (57, 'Myrvyn', 'Surmeir', '1996-05-25');
insert into Customers (Customer_ID, F_Name, L_Name, DOB) values (58, 'Elwood', 'Petren', '1984-02-22');
insert into Customers (Customer_ID, F_Name, L_Name, DOB) values (59, 'Herta', 'O Mullen', '1992-11-14');
insert into Customers (Customer_ID, F_Name, L_Name, DOB) values (60, 'Alameda', 'Jardin', '1982-07-20');
insert into Customers (Customer_ID, F_Name, L_Name, DOB) values (61, 'Thomas', 'Toombs', '1973-01-04');
insert into Customers (Customer_ID, F_Name, L_Name, DOB) values (62, 'Gregorio', 'Kebbell', '2000-06-13');
insert into Customers (Customer_ID, F_Name, L_Name, DOB) values (63, 'Silvano', 'McNeigh', '2002-04-23');
insert into Customers (Customer_ID, F_Name, L_Name, DOB) values (64, 'Doloritas', 'Essery', '1988-04-13');
insert into Customers (Customer_ID, F_Name, L_Name, DOB) values (65, 'Morty', 'Beckford', '2002-03-01');
insert into Customers (Customer_ID, F_Name, L_Name, DOB) values (66, 'Briney', 'Dreng', '1981-05-16');
insert into Customers (Customer_ID, F_Name, L_Name, DOB) values (67, 'Nick', 'Rennenbach', '1980-02-10');
insert into Customers (Customer_ID, F_Name, L_Name, DOB) values (68, 'Roslyn', 'Byart', '1990-02-06');
insert into Customers (Customer_ID, F_Name, L_Name, DOB) values (69, 'Bess', 'Ingliss', '1985-09-19');
insert into Customers (Customer_ID, F_Name, L_Name, DOB) values (70, 'Lew', 'Bleyman', '1996-03-29');
insert into Customers (Customer_ID, F_Name, L_Name, DOB) values (71, 'Henryetta', 'Osborne', '1997-11-28');
insert into Customers (Customer_ID, F_Name, L_Name, DOB) values (72, 'Allyn', 'MacCaghan', '1986-11-17');
insert into Customers (Customer_ID, F_Name, L_Name, DOB) values (73, 'Ettore', 'Surmeir', '1970-02-18');
insert into Customers (Customer_ID, F_Name, L_Name, DOB) values (74, 'Corbett', 'Brotherick', '1973-07-30');
insert into Customers (Customer_ID, F_Name, L_Name, DOB) values (75, 'Reinaldos', 'Godsafe', '1978-12-03');
insert into Customers (Customer_ID, F_Name, L_Name, DOB) values (76, 'Delmer', 'Olijve', '1998-09-07');
insert into Customers (Customer_ID, F_Name, L_Name, DOB) values (77, 'Nealon', 'Genders', '1980-02-26');
insert into Customers (Customer_ID, F_Name, L_Name, DOB) values (78, 'Tommie', 'Eckart', '1974-08-15');
insert into Customers (Customer_ID, F_Name, L_Name, DOB) values (79, 'Tybalt', 'Gwillim', '1991-02-01');
insert into Customers (Customer_ID, F_Name, L_Name, DOB) values (80, 'Tabor', 'Crosetto', '1999-09-20');
insert into Customers (Customer_ID, F_Name, L_Name, DOB) values (81, 'Bronny', 'Wickersham', '1981-03-12');
insert into Customers (Customer_ID, F_Name, L_Name, DOB) values (82, 'Georgetta', 'Blodgetts', '1992-08-13');
insert into Customers (Customer_ID, F_Name, L_Name, DOB) values (83, 'Roy', 'Shuttlewood', '1984-02-18');
insert into Customers (Customer_ID, F_Name, L_Name, DOB) values (84, 'Calv', 'Pregal', '1987-08-31');
insert into Customers (Customer_ID, F_Name, L_Name, DOB) values (85, 'Gwenora', 'Scatcher', '1980-09-23');
insert into Customers (Customer_ID, F_Name, L_Name, DOB) values (86, 'Fulton', 'Asplen', '1989-09-13');
insert into Customers (Customer_ID, F_Name, L_Name, DOB) values (87, 'Raye', 'Lembke', '1977-08-26');
insert into Customers (Customer_ID, F_Name, L_Name, DOB) values (88, 'Neysa', 'Papes', '1973-08-25');
insert into Customers (Customer_ID, F_Name, L_Name, DOB) values (89, 'Feodora', 'Lowthorpe', '1978-03-11');
insert into Customers (Customer_ID, F_Name, L_Name, DOB) values (90, 'Kain', 'Tunn', '1991-03-03');
insert into Customers (Customer_ID, F_Name, L_Name, DOB) values (91, 'Kanya', 'Petrashov', '2002-12-06');
insert into Customers (Customer_ID, F_Name, L_Name, DOB) values (92, 'Sadye', 'Rosario', '1973-01-11');
insert into Customers (Customer_ID, F_Name, L_Name, DOB) values (93, 'Olenolin', 'Skones', '1993-06-12');
insert into Customers (Customer_ID, F_Name, L_Name, DOB) values (94, 'Darlene', 'Luke', '1995-05-13');
insert into Customers (Customer_ID, F_Name, L_Name, DOB) values (95, 'Annette', 'Tait', '1976-08-28');
insert into Customers (Customer_ID, F_Name, L_Name, DOB) values (96, 'Candie', 'O'' Mulderrig', '1979-09-27');
insert into Customers (Customer_ID, F_Name, L_Name, DOB) values (97, 'Celeste', 'Eldered', '2003-06-25');
insert into Customers (Customer_ID, F_Name, L_Name, DOB) values (98, 'Roseanne', 'Hardstaff', '1975-03-15');
insert into Customers (Customer_ID, F_Name, L_Name, DOB) values (99, 'Nikolaus', 'Harris', '1986-04-29');
insert into Customers (Customer_ID, F_Name, L_Name, DOB) values (100, 'Suzanna', 'Coleridge', '1998-07-26');

SELECT * FROM Customers;

USE FashionRetailStore;
insert into Cust_Contact (Customer_ID, Contact_ID, Email, Tel_No) values (1, 1, 'pcrenage0@geocities.com', '+7 206 508 5886');
insert into Cust_Contact (Customer_ID, Contact_ID, Email, Tel_No) values (2, 2, 'kwilfinger1@yandex.ru', '+55 486 921 1649');
insert into Cust_Contact (Customer_ID, Contact_ID, Email, Tel_No) values (3, 3, 'yducastel2@stumbleupon.com', '+46 151 932 3405');
insert into Cust_Contact (Customer_ID, Contact_ID, Email, Tel_No) values (4, 4, 'ewhitlaw3@joomla.org', '+351 571 600 6108');
insert into Cust_Contact (Customer_ID, Contact_ID, Email, Tel_No) values (5, 5, 'pscheffel4@google.es', '+46 947 593 9194');
insert into Cust_Contact (Customer_ID, Contact_ID, Email, Tel_No) values (6, 6, 'jgianelli5@unicef.org', '+7 589 926 4698');
insert into Cust_Contact (Customer_ID, Contact_ID, Email, Tel_No) values (7, 7, 'dlackey6@linkedin.com', '+86 706 112 1985');
insert into Cust_Contact (Customer_ID, Contact_ID, Email, Tel_No) values (8, 8, 'tkuhnwald7@netscape.com', '+52 732 178 1990');
insert into Cust_Contact (Customer_ID, Contact_ID, Email, Tel_No) values (9, 9, 'pclubbe8@dell.com', '+976 681 326 2853');
insert into Cust_Contact (Customer_ID, Contact_ID, Email, Tel_No) values (10, 10, 'lpopham9@stumbleupon.com', '+63 831 955 2575');
insert into Cust_Contact (Customer_ID, Contact_ID, Email, Tel_No) values (11, 11, 'hlendona@oakley.com', '+84 537 186 4843');
insert into Cust_Contact (Customer_ID, Contact_ID, Email, Tel_No) values (12, 12, 'cbulmerb@shutterfly.com', '+63 139 273 4787');
insert into Cust_Contact (Customer_ID, Contact_ID, Email, Tel_No) values (13, 13, 'kroderickc@indiatimes.com', '+81 568 116 1764');
insert into Cust_Contact (Customer_ID, Contact_ID, Email, Tel_No) values (14, 14, 'mmccallumd@bloglines.com', '+235 420 365 5542');
insert into Cust_Contact (Customer_ID, Contact_ID, Email, Tel_No) values (15, 15, 'clansdownee@storify.com', '+62 993 733 3683');
insert into Cust_Contact (Customer_ID, Contact_ID, Email, Tel_No) values (16, 16, 'lwoodyearf@hud.gov', '+86 623 638 8595');
insert into Cust_Contact (Customer_ID, Contact_ID, Email, Tel_No) values (17, 17, 'nminersg@umich.edu', '+51 918 131 6491');
insert into Cust_Contact (Customer_ID, Contact_ID, Email, Tel_No) values (18, 18, 'talldridgeh@hao123.com', '+86 390 292 8783');
insert into Cust_Contact (Customer_ID, Contact_ID, Email, Tel_No) values (19, 19, 'sdablingi@ihg.com', '+62 995 126 4277');
insert into Cust_Contact (Customer_ID, Contact_ID, Email, Tel_No) values (20, 20, 'fyeandelj@ucoz.ru', '+55 350 910 8558');
insert into Cust_Contact (Customer_ID, Contact_ID, Email, Tel_No) values (21, 21, 'nrosenwasserk@hugedomains.com', '+1 796 390 3030');
insert into Cust_Contact (Customer_ID, Contact_ID, Email, Tel_No) values (22, 22, 'lkyncll@clickbank.net', '+62 557 289 4559');
insert into Cust_Contact (Customer_ID, Contact_ID, Email, Tel_No) values (23, 23, 'mchrippesm@ted.com', '+53 933 440 2047');
insert into Cust_Contact (Customer_ID, Contact_ID, Email, Tel_No) values (24, 24, 'ederoberton@fema.gov', '+62 437 638 4219');
insert into Cust_Contact (Customer_ID, Contact_ID, Email, Tel_No) values (25, 25, 'gcowanso@slate.com', '+55 175 443 1326');
insert into Cust_Contact (Customer_ID, Contact_ID, Email, Tel_No) values (26, 26, 'gbraidenp@flickr.com', '+86 764 942 7982');
insert into Cust_Contact (Customer_ID, Contact_ID, Email, Tel_No) values (27, 27, 'wbethuneq@elegantthemes.com', '+976 222 742 9528');
insert into Cust_Contact (Customer_ID, Contact_ID, Email, Tel_No) values (28, 28, 'jdurkinr@amazon.co.jp', '+237 210 809 5602');
insert into Cust_Contact (Customer_ID, Contact_ID, Email, Tel_No) values (29, 29, 'jreyes@goodreads.com', '+86 851 445 7472');
insert into Cust_Contact (Customer_ID, Contact_ID, Email, Tel_No) values (30, 30, 'lmayot@reverbnation.com', '+234 578 668 1228');
insert into Cust_Contact (Customer_ID, Contact_ID, Email, Tel_No) values (31, 31, 'tkumaaru@barnesandnoble.com', '+54 330 154 3075');
insert into Cust_Contact (Customer_ID, Contact_ID, Email, Tel_No) values (32, 32, 'gpesv@vinaora.com', '+1 602 630 0075');
insert into Cust_Contact (Customer_ID, Contact_ID, Email, Tel_No) values (33, 33, 'bflasbyw@pcworld.com', '+63 448 871 9672');
insert into Cust_Contact (Customer_ID, Contact_ID, Email, Tel_No) values (34, 34, 'aduggenx@comcast.net', '+86 224 461 1442');
insert into Cust_Contact (Customer_ID, Contact_ID, Email, Tel_No) values (35, 35, 'sfortouny@symantec.com', '+62 316 471 2248');
insert into Cust_Contact (Customer_ID, Contact_ID, Email, Tel_No) values (36, 36, 'hdiniscoz@statcounter.com', '+51 616 452 9483');
insert into Cust_Contact (Customer_ID, Contact_ID, Email, Tel_No) values (37, 37, 'dmacpherson10@scientificamerican.com', '+47 953 227 9869');
insert into Cust_Contact (Customer_ID, Contact_ID, Email, Tel_No) values (38, 38, 'ychatwood11@pcworld.com', '+63 843 488 6348');
insert into Cust_Contact (Customer_ID, Contact_ID, Email, Tel_No) values (39, 39, 'mdeviney12@netvibes.com', '+966 342 763 7023');
insert into Cust_Contact (Customer_ID, Contact_ID, Email, Tel_No) values (40, 40, 'akeld13@boston.com', '+58 729 729 8674');
insert into Cust_Contact (Customer_ID, Contact_ID, Email, Tel_No) values (41, 41, 'gissitt14@biglobe.ne.jp', '+7 734 317 9497');
insert into Cust_Contact (Customer_ID, Contact_ID, Email, Tel_No) values (42, 42, 'fmyall15@networksolutions.com', '+351 150 436 0067');
insert into Cust_Contact (Customer_ID, Contact_ID, Email, Tel_No) values (43, 43, 'nmccaughran16@statcounter.com', '+86 303 160 9210');
insert into Cust_Contact (Customer_ID, Contact_ID, Email, Tel_No) values (44, 44, 'meddy17@usatoday.com', '+30 730 667 5531');
insert into Cust_Contact (Customer_ID, Contact_ID, Email, Tel_No) values (45, 45, 'lolivera18@printfriendly.com', '+1 706 953 0864');
insert into Cust_Contact (Customer_ID, Contact_ID, Email, Tel_No) values (46, 46, 'dthoumas19@discovery.com', '+64 453 354 5748');
insert into Cust_Contact (Customer_ID, Contact_ID, Email, Tel_No) values (47, 47, 'hdelieu1a@ihg.com', '+62 893 487 3359');
insert into Cust_Contact (Customer_ID, Contact_ID, Email, Tel_No) values (48, 48, 'cterris1b@boston.com', '+972 444 236 5696');
insert into Cust_Contact (Customer_ID, Contact_ID, Email, Tel_No) values (49, 49, 'eedeler1c@wunderground.com', '+1 571 954 4163');
insert into Cust_Contact (Customer_ID, Contact_ID, Email, Tel_No) values (50, 50, 'jberresford1d@ebay.com', '+58 807 149 0337');
insert into Cust_Contact (Customer_ID, Contact_ID, Email, Tel_No) values (51, 51, 'rswadling1e@weather.com', '+48 179 880 0498');
insert into Cust_Contact (Customer_ID, Contact_ID, Email, Tel_No) values (52, 52, 'dtrulock1f@4shared.com', '+1 570 590 1805');
insert into Cust_Contact (Customer_ID, Contact_ID, Email, Tel_No) values (53, 53, 'tsotham1g@furl.net', '+92 600 571 1095');
insert into Cust_Contact (Customer_ID, Contact_ID, Email, Tel_No) values (54, 54, 'spopescu1h@oaic.gov.au', '+7 459 285 7407');
insert into Cust_Contact (Customer_ID, Contact_ID, Email, Tel_No) values (55, 55, 'kbenaine1i@wikimedia.org', '+86 960 986 0403');
insert into Cust_Contact (Customer_ID, Contact_ID, Email, Tel_No) values (56, 56, 'gheintz1j@examiner.com', '+387 778 886 2964');
insert into Cust_Contact (Customer_ID, Contact_ID, Email, Tel_No) values (57, 57, 'egladtbach1k@cafepress.com', '+389 814 394 9301');
insert into Cust_Contact (Customer_ID, Contact_ID, Email, Tel_No) values (58, 58, 'jyerill1l@umich.edu', '+86 788 211 9030');
insert into Cust_Contact (Customer_ID, Contact_ID, Email, Tel_No) values (59, 59, 'gapplewhite1m@discovery.com', '+7 139 894 5756');
insert into Cust_Contact (Customer_ID, Contact_ID, Email, Tel_No) values (60, 60, 'jmayze1n@google.fr', '+62 576 453 5419');
insert into Cust_Contact (Customer_ID, Contact_ID, Email, Tel_No) values (61, 61, 'bbrave1o@usda.gov', '+86 112 265 0795');
insert into Cust_Contact (Customer_ID, Contact_ID, Email, Tel_No) values (62, 62, 'lfussell1p@usgs.gov', '+7 221 675 8934');
insert into Cust_Contact (Customer_ID, Contact_ID, Email, Tel_No) values (63, 63, 'ntorres1q@imgur.com', '+385 876 178 4295');
insert into Cust_Contact (Customer_ID, Contact_ID, Email, Tel_No) values (64, 64, 'fdellenbrok1r@digg.com', '+212 986 284 3615');
insert into Cust_Contact (Customer_ID, Contact_ID, Email, Tel_No) values (65, 65, 'fattyeo1s@nhs.uk', '+54 455 620 3239');
insert into Cust_Contact (Customer_ID, Contact_ID, Email, Tel_No) values (66, 66, 'rchoudhury1t@deliciousdays.com', '+224 359 845 5223');
insert into Cust_Contact (Customer_ID, Contact_ID, Email, Tel_No) values (67, 67, 'nbrocklehurst1u@loc.gov', '+970 904 403 9829');
insert into Cust_Contact (Customer_ID, Contact_ID, Email, Tel_No) values (68, 68, 'jpardon1v@cam.ac.uk', '+86 447 356 0417');
insert into Cust_Contact (Customer_ID, Contact_ID, Email, Tel_No) values (69, 69, 'fyeardley1w@github.com', '+46 670 331 9886');
insert into Cust_Contact (Customer_ID, Contact_ID, Email, Tel_No) values (70, 70, 'oadam1x@foxnews.com', '+86 770 771 9017');
insert into Cust_Contact (Customer_ID, Contact_ID, Email, Tel_No) values (71, 71, 'fskade1y@guardian.co.uk', '+680 731 518 7453');
insert into Cust_Contact (Customer_ID, Contact_ID, Email, Tel_No) values (72, 72, 'jsherington1z@usda.gov', '+62 211 248 8090');
insert into Cust_Contact (Customer_ID, Contact_ID, Email, Tel_No) values (73, 73, 'alomansey20@dmoz.org', '+98 671 693 8099');
insert into Cust_Contact (Customer_ID, Contact_ID, Email, Tel_No) values (74, 74, 'mcattanach21@i2i.jp', '+86 600 177 2874');
insert into Cust_Contact (Customer_ID, Contact_ID, Email, Tel_No) values (75, 75, 'rfairlem22@bbb.org', '+93 315 655 5588');
insert into Cust_Contact (Customer_ID, Contact_ID, Email, Tel_No) values (76, 76, 'jbrabban23@economist.com', '+55 875 278 6758');
insert into Cust_Contact (Customer_ID, Contact_ID, Email, Tel_No) values (77, 77, 'abramhill24@oracle.com', '+374 127 233 5270');
insert into Cust_Contact (Customer_ID, Contact_ID, Email, Tel_No) values (78, 78, 'ttribe25@elegantthemes.com', '+260 604 612 0343');
insert into Cust_Contact (Customer_ID, Contact_ID, Email, Tel_No) values (79, 79, 'tdunphy26@stumbleupon.com', '+62 910 905 1709');
insert into Cust_Contact (Customer_ID, Contact_ID, Email, Tel_No) values (80, 80, 'wspittles27@sourceforge.net', '+62 170 230 9525');
insert into Cust_Contact (Customer_ID, Contact_ID, Email, Tel_No) values (81, 81, 'hselley28@scientificamerican.com', '+81 986 976 6577');
insert into Cust_Contact (Customer_ID, Contact_ID, Email, Tel_No) values (82, 82, 'cjurgen29@go.com', '+86 401 368 4188');
insert into Cust_Contact (Customer_ID, Contact_ID, Email, Tel_No) values (83, 83, 'bkingcote2a@google.nl', '+86 576 654 1747');
insert into Cust_Contact (Customer_ID, Contact_ID, Email, Tel_No) values (84, 84, 'garonowicz2b@chron.com', '+62 135 896 0916');
insert into Cust_Contact (Customer_ID, Contact_ID, Email, Tel_No) values (85, 85, 'nseres2c@delicious.com', '+86 458 346 3469');
insert into Cust_Contact (Customer_ID, Contact_ID, Email, Tel_No) values (86, 86, 'lkivelle2d@prnewswire.com', '+380 221 152 4887');
insert into Cust_Contact (Customer_ID, Contact_ID, Email, Tel_No) values (87, 87, 'dscamal2e@youtube.com', '+86 189 264 8590');
insert into Cust_Contact (Customer_ID, Contact_ID, Email, Tel_No) values (88, 88, 'rshadbolt2f@hubpages.com', '+351 196 298 5792');
insert into Cust_Contact (Customer_ID, Contact_ID, Email, Tel_No) values (89, 89, 'iiban2g@themeforest.net', '+62 592 941 9448');
insert into Cust_Contact (Customer_ID, Contact_ID, Email, Tel_No) values (90, 90, 'dpickworth2h@booking.com', '+380 303 967 9748');
insert into Cust_Contact (Customer_ID, Contact_ID, Email, Tel_No) values (91, 91, 'ifortesquieu2i@weather.com', '+62 880 878 5988');
insert into Cust_Contact (Customer_ID, Contact_ID, Email, Tel_No) values (92, 92, 'mfader2j@ameblo.jp', '+48 790 302 0935');
insert into Cust_Contact (Customer_ID, Contact_ID, Email, Tel_No) values (93, 93, 'asomerscales2k@weather.com', '+86 928 806 1935');
insert into Cust_Contact (Customer_ID, Contact_ID, Email, Tel_No) values (94, 94, 'mgibben2l@digg.com', '+358 245 683 2255');
insert into Cust_Contact (Customer_ID, Contact_ID, Email, Tel_No) values (95, 95, 'ssuckling2m@acquirethisname.com', '+64 546 521 5308');
insert into Cust_Contact (Customer_ID, Contact_ID, Email, Tel_No) values (96, 96, 'btrebble2n@php.net', '+55 421 826 6766');
insert into Cust_Contact (Customer_ID, Contact_ID, Email, Tel_No) values (97, 97, 'hhurlestone2o@amazon.co.uk', '+1 202 909 5510');
insert into Cust_Contact (Customer_ID, Contact_ID, Email, Tel_No) values (98, 98, 'csexon2p@apache.org', '+420 873 738 7370');
insert into Cust_Contact (Customer_ID, Contact_ID, Email, Tel_No) values (99, 99, 'eosbourn2q@desdev.cn', '+420 783 381 1213');
insert into Cust_Contact (Customer_ID, Contact_ID, Email, Tel_No) values (100, 100, 'imaiklem2r@1und1.de', '+81 754 244 9119');

SELECT * FROM Cust_Contact;

USE FashionRetailStore;
insert into Cust_Address (Customer_ID, Address_ID, Address, City, Country, Postal_Code) values (1, 1, '4 Chinook Junction', 'Nancy', 'France', '54039 CEDEX');
insert into Cust_Address (Customer_ID, Address_ID, Address, City, Country, Postal_Code) values (2, 2, '1 Center Pass', 'Isojoki', 'Finland', '64901');
insert into Cust_Address (Customer_ID, Address_ID, Address, City, Country, Postal_Code) values (3, 3, '90645 Crowley Alley', 'Matão', 'Brazil', '15990-000');
insert into Cust_Address (Customer_ID, Address_ID, Address, City, Country, Postal_Code) values (4, 4, '10 Summit Circle', 'Dongjian', 'China', null);
insert into Cust_Address (Customer_ID, Address_ID, Address, City, Country, Postal_Code) values (5, 5, '2 6th Place', '‘Aşīrah al Qiblīyah', 'Palestinian Territory', null);
insert into Cust_Address (Customer_ID, Address_ID, Address, City, Country, Postal_Code) values (6, 6, '5 Duke Terrace', 'Acolla', 'Peru', null);
insert into Cust_Address (Customer_ID, Address_ID, Address, City, Country, Postal_Code) values (7, 7, '47914 Fieldstone Court', 'Bassar', 'Togo', null);
insert into Cust_Address (Customer_ID, Address_ID, Address, City, Country, Postal_Code) values (8, 8, '5 Debs Trail', 'Bangko', 'Indonesia', null);
insert into Cust_Address (Customer_ID, Address_ID, Address, City, Country, Postal_Code) values (9, 9, '0690 Shasta Pass', 'Espanola', 'Canada', 'P5E');
insert into Cust_Address (Customer_ID, Address_ID, Address, City, Country, Postal_Code) values (10, 10, '38 High Crossing Lane', 'Mojimán', 'Honduras', null);
insert into Cust_Address (Customer_ID, Address_ID, Address, City, Country, Postal_Code) values (11, 11, '7434 Northport Trail', 'Visaginas', 'Lithuania', '31007');
insert into Cust_Address (Customer_ID, Address_ID, Address, City, Country, Postal_Code) values (12, 12, '13349 Chive Court', 'Xiadahe', 'China', null);
insert into Cust_Address (Customer_ID, Address_ID, Address, City, Country, Postal_Code) values (13, 13, '169 Banding Park', 'Mianay', 'Philippines', '5805');
insert into Cust_Address (Customer_ID, Address_ID, Address, City, Country, Postal_Code) values (14, 14, '60 Miller Place', 'Basīrpur', 'Pakistan', '45750');
insert into Cust_Address (Customer_ID, Address_ID, Address, City, Country, Postal_Code) values (15, 15, '526 Eliot Parkway', 'Ḩawallī', 'Kuwait', null);
insert into Cust_Address (Customer_ID, Address_ID, Address, City, Country, Postal_Code) values (16, 16, '5 East Court', 'Bulacan', 'Philippines', '3017');
insert into Cust_Address (Customer_ID, Address_ID, Address, City, Country, Postal_Code) values (17, 17, '812 Goodland Plaza', 'Pisarzowice', 'Poland', '49-314');
insert into Cust_Address (Customer_ID, Address_ID, Address, City, Country, Postal_Code) values (18, 18, '644 Hansons Place', 'Helsingborg', 'Sweden', '250 06');
insert into Cust_Address (Customer_ID, Address_ID, Address, City, Country, Postal_Code) values (19, 19, '470 Forster Point', 'Sinchao', 'Peru', null);
insert into Cust_Address (Customer_ID, Address_ID, Address, City, Country, Postal_Code) values (20, 20, '0687 Lerdahl Drive', 'Colendra', 'Indonesia', null);
insert into Cust_Address (Customer_ID, Address_ID, Address, City, Country, Postal_Code) values (21, 21, '356 Paget Avenue', 'Stamford', 'United States', '06905');
insert into Cust_Address (Customer_ID, Address_ID, Address, City, Country, Postal_Code) values (22, 22, '22 Forster Hill', 'Mazamet', 'France', '81204 CEDEX');
insert into Cust_Address (Customer_ID, Address_ID, Address, City, Country, Postal_Code) values (23, 23, '3 Texas Crossing', 'Taotang', 'China', null);
insert into Cust_Address (Customer_ID, Address_ID, Address, City, Country, Postal_Code) values (24, 24, '5447 Onsgard Plaza', 'El Sauce', 'Nicaragua', null);
insert into Cust_Address (Customer_ID, Address_ID, Address, City, Country, Postal_Code) values (25, 25, '229 Karstens Trail', 'Wenling', 'China', null);
insert into Cust_Address (Customer_ID, Address_ID, Address, City, Country, Postal_Code) values (26, 26, '053 Mallard Parkway', 'Aitape', 'Papua New Guinea', null);
insert into Cust_Address (Customer_ID, Address_ID, Address, City, Country, Postal_Code) values (27, 27, '5 Ridge Oak Crossing', 'Huixian Chengguanzhen', 'China', null);
insert into Cust_Address (Customer_ID, Address_ID, Address, City, Country, Postal_Code) values (28, 28, '7846 Menomonie Hill', 'Bukuru', 'Nigeria', null);
insert into Cust_Address (Customer_ID, Address_ID, Address, City, Country, Postal_Code) values (29, 29, '685 Sutherland Place', 'Masākin', 'Tunisia', null);
insert into Cust_Address (Customer_ID, Address_ID, Address, City, Country, Postal_Code) values (30, 30, '27798 Luster Parkway', 'Baicaogou', 'China', null);
insert into Cust_Address (Customer_ID, Address_ID, Address, City, Country, Postal_Code) values (31, 31, '049 Duke Way', 'Vranje', 'Serbia', null);
insert into Cust_Address (Customer_ID, Address_ID, Address, City, Country, Postal_Code) values (32, 32, '43 Eggendart Lane', 'Paprotnia', 'Poland', '08-107');
insert into Cust_Address (Customer_ID, Address_ID, Address, City, Country, Postal_Code) values (33, 33, '431 Cascade Way', 'Konza', 'Kenya', null);
insert into Cust_Address (Customer_ID, Address_ID, Address, City, Country, Postal_Code) values (34, 34, '4 Dunning Crossing', 'Cimanggu Wetan', 'Indonesia', null);
insert into Cust_Address (Customer_ID, Address_ID, Address, City, Country, Postal_Code) values (35, 35, '782 Harbort Pass', 'Yur’yevets', 'Russia', '155450');
insert into Cust_Address (Customer_ID, Address_ID, Address, City, Country, Postal_Code) values (36, 36, '5 Sachtjen Parkway', 'Xiaogang', 'China', null);
insert into Cust_Address (Customer_ID, Address_ID, Address, City, Country, Postal_Code) values (37, 37, '7695 Rutledge Road', 'Villa Mercedes', 'Argentina', '5461');
insert into Cust_Address (Customer_ID, Address_ID, Address, City, Country, Postal_Code) values (38, 38, '8 Spenser Parkway', 'Zlataritsa', 'Bulgaria', '5170');
insert into Cust_Address (Customer_ID, Address_ID, Address, City, Country, Postal_Code) values (39, 39, '5680 Forest Run Avenue', 'Sarankhola', 'Bangladesh', '9330');
insert into Cust_Address (Customer_ID, Address_ID, Address, City, Country, Postal_Code) values (40, 40, '353 Oxford Pass', 'Sanhe', 'China', null);
insert into Cust_Address (Customer_ID, Address_ID, Address, City, Country, Postal_Code) values (41, 41, '5237 Dryden Way', 'Brejo Santo', 'Brazil', '63260-000');
insert into Cust_Address (Customer_ID, Address_ID, Address, City, Country, Postal_Code) values (42, 42, '61 Manley Pass', 'Da Nang', 'Vietnam', null);
insert into Cust_Address (Customer_ID, Address_ID, Address, City, Country, Postal_Code) values (43, 43, '587 Rowland Hill', 'Pataha', 'Indonesia', null);
insert into Cust_Address (Customer_ID, Address_ID, Address, City, Country, Postal_Code) values (44, 44, '7236 Michigan Junction', 'Diapaga', 'Burkina Faso', null);
insert into Cust_Address (Customer_ID, Address_ID, Address, City, Country, Postal_Code) values (45, 45, '50 2nd Trail', 'Wuhao', 'China', null);
insert into Cust_Address (Customer_ID, Address_ID, Address, City, Country, Postal_Code) values (46, 46, '23 Karstens Parkway', 'Sosnytsya', 'Ukraine', null);
insert into Cust_Address (Customer_ID, Address_ID, Address, City, Country, Postal_Code) values (47, 47, '714 Hayes Circle', 'Qinā', 'Egypt', null);
insert into Cust_Address (Customer_ID, Address_ID, Address, City, Country, Postal_Code) values (48, 48, '81 Drewry Court', 'Gandoang', 'Indonesia', null);
insert into Cust_Address (Customer_ID, Address_ID, Address, City, Country, Postal_Code) values (49, 49, '7 Ronald Regan Crossing', 'Jiuzhai', 'China', null);
insert into Cust_Address (Customer_ID, Address_ID, Address, City, Country, Postal_Code) values (50, 50, '56938 Linden Avenue', 'Xinqiao', 'China', null);
insert into Cust_Address (Customer_ID, Address_ID, Address, City, Country, Postal_Code) values (51, 51, '0004 Schurz Parkway', 'Yangchengzhuang', 'China', null);
insert into Cust_Address (Customer_ID, Address_ID, Address, City, Country, Postal_Code) values (52, 52, '91 Monica Circle', 'Youyun', 'China', null);
insert into Cust_Address (Customer_ID, Address_ID, Address, City, Country, Postal_Code) values (53, 53, '63439 Holmberg Trail', 'Paris 16', 'France', '75784 CEDEX 16');
insert into Cust_Address (Customer_ID, Address_ID, Address, City, Country, Postal_Code) values (54, 54, '9473 Ruskin Trail', 'Dongqu', 'China', null);
insert into Cust_Address (Customer_ID, Address_ID, Address, City, Country, Postal_Code) values (55, 55, '5262 Evergreen Park', 'Bultfontein', 'South Africa', '9670');
insert into Cust_Address (Customer_ID, Address_ID, Address, City, Country, Postal_Code) values (56, 56, '531 Jenna Lane', 'Chuguyevka', 'Russia', '692607');
insert into Cust_Address (Customer_ID, Address_ID, Address, City, Country, Postal_Code) values (57, 57, '4263 Spaight Place', 'Youxi', 'China', null);
insert into Cust_Address (Customer_ID, Address_ID, Address, City, Country, Postal_Code) values (58, 58, '213 Northridge Pass', 'Al Jubayhah', 'Jordan', null);
insert into Cust_Address (Customer_ID, Address_ID, Address, City, Country, Postal_Code) values (59, 59, '18630 Spenser Lane', 'Río Gallegos', 'Argentina', '9400');
insert into Cust_Address (Customer_ID, Address_ID, Address, City, Country, Postal_Code) values (60, 60, '3791 Bayside Pass', 'Abaetetuba', 'Brazil', '68440-000');
insert into Cust_Address (Customer_ID, Address_ID, Address, City, Country, Postal_Code) values (61, 61, '27047 Annamark Park', 'Sumberingin Kulon', 'Indonesia', null);
insert into Cust_Address (Customer_ID, Address_ID, Address, City, Country, Postal_Code) values (62, 62, '1749 Vernon Trail', 'Bukui', 'China', null);
insert into Cust_Address (Customer_ID, Address_ID, Address, City, Country, Postal_Code) values (63, 63, '5 Rieder Road', 'La Sarre', 'Canada', 'J9Z');
insert into Cust_Address (Customer_ID, Address_ID, Address, City, Country, Postal_Code) values (64, 64, '99 Bunting Alley', 'Cikijing', 'Indonesia', null);
insert into Cust_Address (Customer_ID, Address_ID, Address, City, Country, Postal_Code) values (65, 65, '40763 Clemons Point', 'Lipljan', 'Kosovo', null);
insert into Cust_Address (Customer_ID, Address_ID, Address, City, Country, Postal_Code) values (66, 66, '12384 Homewood Court', 'La Uvita', 'Colombia', '150867');
insert into Cust_Address (Customer_ID, Address_ID, Address, City, Country, Postal_Code) values (67, 67, '1667 Maple Wood Center', 'Nakhon Pathom', 'Thailand', '95140');
insert into Cust_Address (Customer_ID, Address_ID, Address, City, Country, Postal_Code) values (68, 68, '02 Butternut Crossing', 'Chengnan', 'China', null);
insert into Cust_Address (Customer_ID, Address_ID, Address, City, Country, Postal_Code) values (69, 69, '6642 Pierstorff Lane', 'Kamyanyuki', 'Belarus', null);
insert into Cust_Address (Customer_ID, Address_ID, Address, City, Country, Postal_Code) values (70, 70, '247 Trailsway Avenue', 'Chão', 'Portugal', '4990-565');
insert into Cust_Address (Customer_ID, Address_ID, Address, City, Country, Postal_Code) values (71, 71, '65 International Circle', 'Pechenizhyn', 'Ukraine', null);
insert into Cust_Address (Customer_ID, Address_ID, Address, City, Country, Postal_Code) values (72, 72, '64 Darwin Avenue', 'Frei Paulo', 'Brazil', '49514-000');
insert into Cust_Address (Customer_ID, Address_ID, Address, City, Country, Postal_Code) values (73, 73, '9 Toban Point', 'Yartsevo', 'Russia', '215807');
insert into Cust_Address (Customer_ID, Address_ID, Address, City, Country, Postal_Code) values (74, 74, '6800 Mandrake Park', 'Betaf', 'Indonesia', null);
insert into Cust_Address (Customer_ID, Address_ID, Address, City, Country, Postal_Code) values (75, 75, '9356 Sloan Crossing', 'Siguinon', 'Philippines', '6542');
insert into Cust_Address (Customer_ID, Address_ID, Address, City, Country, Postal_Code) values (76, 76, '1 Troy Avenue', 'Pakisrejo', 'Indonesia', null);
insert into Cust_Address (Customer_ID, Address_ID, Address, City, Country, Postal_Code) values (77, 77, '9 Maple Center', 'Santa Rita do Sapucaí', 'Brazil', '37540-000');
insert into Cust_Address (Customer_ID, Address_ID, Address, City, Country, Postal_Code) values (78, 78, '53 Ruskin Pass', 'Jiaomingsi', 'China', null);
insert into Cust_Address (Customer_ID, Address_ID, Address, City, Country, Postal_Code) values (79, 79, '0261 Sutherland Drive', 'Gò Quao', 'Vietnam', null);
insert into Cust_Address (Customer_ID, Address_ID, Address, City, Country, Postal_Code) values (80, 80, '680 Old Shore Circle', 'Siikajoki', 'Finland', '92320');
insert into Cust_Address (Customer_ID, Address_ID, Address, City, Country, Postal_Code) values (81, 81, '54 Fieldstone Place', 'Lousa', 'Portugal', '2670-755');
insert into Cust_Address (Customer_ID, Address_ID, Address, City, Country, Postal_Code) values (82, 82, '690 Golf Circle', 'Tolomango', 'Indonesia', null);
insert into Cust_Address (Customer_ID, Address_ID, Address, City, Country, Postal_Code) values (83, 83, '4 Hoffman Circle', 'Wuyahe', 'China', null);
insert into Cust_Address (Customer_ID, Address_ID, Address, City, Country, Postal_Code) values (84, 84, '1762 Monument Circle', 'Yemva', 'Russia', '169205');
insert into Cust_Address (Customer_ID, Address_ID, Address, City, Country, Postal_Code) values (85, 85, '151 Cody Place', 'Pueblo Nuevo', 'Venezuela', null);
insert into Cust_Address (Customer_ID, Address_ID, Address, City, Country, Postal_Code) values (86, 86, '9 Victoria Hill', 'Bangkalan', 'Indonesia', null);
insert into Cust_Address (Customer_ID, Address_ID, Address, City, Country, Postal_Code) values (87, 87, '562 Bay Circle', 'Yishan', 'China', null);
insert into Cust_Address (Customer_ID, Address_ID, Address, City, Country, Postal_Code) values (88, 88, '8 Calypso Circle', 'Bugo', 'Philippines', '9222');
insert into Cust_Address (Customer_ID, Address_ID, Address, City, Country, Postal_Code) values (89, 89, '47 Twin Pines Street', 'Kebonsari Kidul', 'Indonesia', null);
insert into Cust_Address (Customer_ID, Address_ID, Address, City, Country, Postal_Code) values (90, 90, '2447 Duke Park', 'Longhua', 'China', null);
insert into Cust_Address (Customer_ID, Address_ID, Address, City, Country, Postal_Code) values (91, 91, '25682 Randy Park', 'Lučina', 'Czech Republic', '739 39');
insert into Cust_Address (Customer_ID, Address_ID, Address, City, Country, Postal_Code) values (92, 92, '0 Sugar Way', 'Jingu', 'China', null);
insert into Cust_Address (Customer_ID, Address_ID, Address, City, Country, Postal_Code) values (93, 93, '89056 Waywood Terrace', 'Huabu', 'China', null);
insert into Cust_Address (Customer_ID, Address_ID, Address, City, Country, Postal_Code) values (94, 94, '19464 Green Ridge Way', 'Riah', 'Morocco', null);
insert into Cust_Address (Customer_ID, Address_ID, Address, City, Country, Postal_Code) values (95, 95, '0 Mcbride Place', 'Göteborg', 'Sweden', '411 00');
insert into Cust_Address (Customer_ID, Address_ID, Address, City, Country, Postal_Code) values (96, 96, '8 Barnett Way', 'Galovac', 'Croatia', '43000');
insert into Cust_Address (Customer_ID, Address_ID, Address, City, Country, Postal_Code) values (97, 97, '57 Shoshone Point', 'Nantes', 'France', '44265 CEDEX 2');
insert into Cust_Address (Customer_ID, Address_ID, Address, City, Country, Postal_Code) values (98, 98, '46 Oxford Way', 'Halmstad', 'Sweden', '302 40');
insert into Cust_Address (Customer_ID, Address_ID, Address, City, Country, Postal_Code) values (99, 99, '706 Manitowish Crossing', 'Paris 01', 'France', '75054 CEDEX 01');
insert into Cust_Address (Customer_ID, Address_ID, Address, City, Country, Postal_Code) values (100, 100, '796 Hoard Drive', 'Yuhuang', 'China', null);

Select * from Cust_Address;

USE FashionRetailStore;
insert into Orders (Customer_ID, Order_ID) values (72, 1);
insert into Orders (Customer_ID, Order_ID) values (34, 2);
insert into Orders (Customer_ID, Order_ID) values (58, 3);
insert into Orders (Customer_ID, Order_ID) values (57, 4);
insert into Orders (Customer_ID, Order_ID) values (30, 5);
insert into Orders (Customer_ID, Order_ID) values (40, 6);
insert into Orders (Customer_ID, Order_ID) values (79, 7);
insert into Orders (Customer_ID, Order_ID) values (49, 8);
insert into Orders (Customer_ID, Order_ID) values (9, 9);
insert into Orders (Customer_ID, Order_ID) values (24, 10);
insert into Orders (Customer_ID, Order_ID) values (6, 11);
insert into Orders (Customer_ID, Order_ID) values (25, 12);
insert into Orders (Customer_ID, Order_ID) values (94, 13);
insert into Orders (Customer_ID, Order_ID) values (68, 14);
insert into Orders (Customer_ID, Order_ID) values (95, 15);
insert into Orders (Customer_ID, Order_ID) values (40, 16);
insert into Orders (Customer_ID, Order_ID) values (21, 17);
insert into Orders (Customer_ID, Order_ID) values (42, 18);
insert into Orders (Customer_ID, Order_ID) values (44, 19);
insert into Orders (Customer_ID, Order_ID) values (65, 20);
insert into Orders (Customer_ID, Order_ID) values (35, 21);
insert into Orders (Customer_ID, Order_ID) values (45, 22);
insert into Orders (Customer_ID, Order_ID) values (33, 23);
insert into Orders (Customer_ID, Order_ID) values (98, 24);
insert into Orders (Customer_ID, Order_ID) values (83, 25);
insert into Orders (Customer_ID, Order_ID) values (16, 26);
insert into Orders (Customer_ID, Order_ID) values (37, 27);
insert into Orders (Customer_ID, Order_ID) values (11, 28);
insert into Orders (Customer_ID, Order_ID) values (63, 29);
insert into Orders (Customer_ID, Order_ID) values (79, 30);
insert into Orders (Customer_ID, Order_ID) values (34, 31);
insert into Orders (Customer_ID, Order_ID) values (28, 32);
insert into Orders (Customer_ID, Order_ID) values (71, 33);
insert into Orders (Customer_ID, Order_ID) values (92, 34);
insert into Orders (Customer_ID, Order_ID) values (11, 35);
insert into Orders (Customer_ID, Order_ID) values (55, 36);
insert into Orders (Customer_ID, Order_ID) values (98, 37);
insert into Orders (Customer_ID, Order_ID) values (43, 38);
insert into Orders (Customer_ID, Order_ID) values (50, 39);
insert into Orders (Customer_ID, Order_ID) values (79, 40);
insert into Orders (Customer_ID, Order_ID) values (41, 41);
insert into Orders (Customer_ID, Order_ID) values (23, 42);
insert into Orders (Customer_ID, Order_ID) values (79, 43);
insert into Orders (Customer_ID, Order_ID) values (33, 44);
insert into Orders (Customer_ID, Order_ID) values (24, 45);
insert into Orders (Customer_ID, Order_ID) values (59, 46);
insert into Orders (Customer_ID, Order_ID) values (77, 47);
insert into Orders (Customer_ID, Order_ID) values (21, 48);
insert into Orders (Customer_ID, Order_ID) values (86, 49);
insert into Orders (Customer_ID, Order_ID) values (2, 50);
insert into Orders (Customer_ID, Order_ID) values (29, 51);
insert into Orders (Customer_ID, Order_ID) values (20, 52);
insert into Orders (Customer_ID, Order_ID) values (39, 53);
insert into Orders (Customer_ID, Order_ID) values (14, 54);
insert into Orders (Customer_ID, Order_ID) values (28, 55);
insert into Orders (Customer_ID, Order_ID) values (74, 56);
insert into Orders (Customer_ID, Order_ID) values (15, 57);
insert into Orders (Customer_ID, Order_ID) values (13, 58);
insert into Orders (Customer_ID, Order_ID) values (86, 59);
insert into Orders (Customer_ID, Order_ID) values (8, 60);
insert into Orders (Customer_ID, Order_ID) values (40, 61);
insert into Orders (Customer_ID, Order_ID) values (25, 62);
insert into Orders (Customer_ID, Order_ID) values (57, 63);
insert into Orders (Customer_ID, Order_ID) values (86, 64);
insert into Orders (Customer_ID, Order_ID) values (43, 65);
insert into Orders (Customer_ID, Order_ID) values (48, 66);
insert into Orders (Customer_ID, Order_ID) values (69, 67);
insert into Orders (Customer_ID, Order_ID) values (64, 68);
insert into Orders (Customer_ID, Order_ID) values (99, 69);
insert into Orders (Customer_ID, Order_ID) values (12, 70);
insert into Orders (Customer_ID, Order_ID) values (73, 71);
insert into Orders (Customer_ID, Order_ID) values (72, 72);
insert into Orders (Customer_ID, Order_ID) values (98, 73);
insert into Orders (Customer_ID, Order_ID) values (29, 74);
insert into Orders (Customer_ID, Order_ID) values (58, 75);
insert into Orders (Customer_ID, Order_ID) values (77, 76);
insert into Orders (Customer_ID, Order_ID) values (50, 77);
insert into Orders (Customer_ID, Order_ID) values (98, 78);
insert into Orders (Customer_ID, Order_ID) values (61, 79);
insert into Orders (Customer_ID, Order_ID) values (63, 80);
insert into Orders (Customer_ID, Order_ID) values (27, 81);
insert into Orders (Customer_ID, Order_ID) values (63, 82);
insert into Orders (Customer_ID, Order_ID) values (19, 83);
insert into Orders (Customer_ID, Order_ID) values (59, 84);
insert into Orders (Customer_ID, Order_ID) values (24, 85);
insert into Orders (Customer_ID, Order_ID) values (31, 86);
insert into Orders (Customer_ID, Order_ID) values (34, 87);
insert into Orders (Customer_ID, Order_ID) values (24, 88);
insert into Orders (Customer_ID, Order_ID) values (3, 89);
insert into Orders (Customer_ID, Order_ID) values (73, 90);
insert into Orders (Customer_ID, Order_ID) values (92, 91);
insert into Orders (Customer_ID, Order_ID) values (17, 92);
insert into Orders (Customer_ID, Order_ID) values (54, 93);
insert into Orders (Customer_ID, Order_ID) values (81, 94);
insert into Orders (Customer_ID, Order_ID) values (51, 95);
insert into Orders (Customer_ID, Order_ID) values (15, 96);
insert into Orders (Customer_ID, Order_ID) values (75, 97);
insert into Orders (Customer_ID, Order_ID) values (42, 98);
insert into Orders (Customer_ID, Order_ID) values (74, 99);
insert into Orders (Customer_ID, Order_ID) values (15, 100);
insert into Orders (Customer_ID, Order_ID) values (37, 101);
insert into Orders (Customer_ID, Order_ID) values (79, 102);
insert into Orders (Customer_ID, Order_ID) values (14, 103);
insert into Orders (Customer_ID, Order_ID) values (84, 104);
insert into Orders (Customer_ID, Order_ID) values (13, 105);
insert into Orders (Customer_ID, Order_ID) values (4, 106);
insert into Orders (Customer_ID, Order_ID) values (12, 107);
insert into Orders (Customer_ID, Order_ID) values (22, 108);
insert into Orders (Customer_ID, Order_ID) values (42, 109);
insert into Orders (Customer_ID, Order_ID) values (57, 110);
insert into Orders (Customer_ID, Order_ID) values (70, 111);
insert into Orders (Customer_ID, Order_ID) values (77, 112);
insert into Orders (Customer_ID, Order_ID) values (63, 113);
insert into Orders (Customer_ID, Order_ID) values (100, 114);
insert into Orders (Customer_ID, Order_ID) values (100, 115);
insert into Orders (Customer_ID, Order_ID) values (39, 116);
insert into Orders (Customer_ID, Order_ID) values (23, 117);
insert into Orders (Customer_ID, Order_ID) values (43, 118);
insert into Orders (Customer_ID, Order_ID) values (93, 119);
insert into Orders (Customer_ID, Order_ID) values (8, 120);
insert into Orders (Customer_ID, Order_ID) values (60, 121);
insert into Orders (Customer_ID, Order_ID) values (23, 122);
insert into Orders (Customer_ID, Order_ID) values (59, 123);
insert into Orders (Customer_ID, Order_ID) values (73, 124);
insert into Orders (Customer_ID, Order_ID) values (23, 125);
insert into Orders (Customer_ID, Order_ID) values (4, 126);
insert into Orders (Customer_ID, Order_ID) values (35, 127);
insert into Orders (Customer_ID, Order_ID) values (70, 128);
insert into Orders (Customer_ID, Order_ID) values (46, 129);
insert into Orders (Customer_ID, Order_ID) values (5, 130);
insert into Orders (Customer_ID, Order_ID) values (2, 131);
insert into Orders (Customer_ID, Order_ID) values (10, 132);
insert into Orders (Customer_ID, Order_ID) values (91, 133);
insert into Orders (Customer_ID, Order_ID) values (31, 134);
insert into Orders (Customer_ID, Order_ID) values (21, 135);
insert into Orders (Customer_ID, Order_ID) values (30, 136);
insert into Orders (Customer_ID, Order_ID) values (45, 137);
insert into Orders (Customer_ID, Order_ID) values (73, 138);
insert into Orders (Customer_ID, Order_ID) values (46, 139);
insert into Orders (Customer_ID, Order_ID) values (9, 140);
insert into Orders (Customer_ID, Order_ID) values (57, 141);
insert into Orders (Customer_ID, Order_ID) values (44, 142);
insert into Orders (Customer_ID, Order_ID) values (74, 143);
insert into Orders (Customer_ID, Order_ID) values (73, 144);
insert into Orders (Customer_ID, Order_ID) values (17, 145);
insert into Orders (Customer_ID, Order_ID) values (8, 146);
insert into Orders (Customer_ID, Order_ID) values (72, 147);
insert into Orders (Customer_ID, Order_ID) values (98, 148);
insert into Orders (Customer_ID, Order_ID) values (50, 149);
insert into Orders (Customer_ID, Order_ID) values (27, 150);
insert into Orders (Customer_ID, Order_ID) values (34, 151);
insert into Orders (Customer_ID, Order_ID) values (19, 152);
insert into Orders (Customer_ID, Order_ID) values (77, 153);
insert into Orders (Customer_ID, Order_ID) values (90, 154);
insert into Orders (Customer_ID, Order_ID) values (27, 155);
insert into Orders (Customer_ID, Order_ID) values (28, 156);
insert into Orders (Customer_ID, Order_ID) values (96, 157);
insert into Orders (Customer_ID, Order_ID) values (15, 158);
insert into Orders (Customer_ID, Order_ID) values (80, 159);
insert into Orders (Customer_ID, Order_ID) values (80, 160);
insert into Orders (Customer_ID, Order_ID) values (94, 161);
insert into Orders (Customer_ID, Order_ID) values (72, 162);
insert into Orders (Customer_ID, Order_ID) values (54, 163);
insert into Orders (Customer_ID, Order_ID) values (7, 164);
insert into Orders (Customer_ID, Order_ID) values (7, 165);
insert into Orders (Customer_ID, Order_ID) values (54, 166);
insert into Orders (Customer_ID, Order_ID) values (5, 167);
insert into Orders (Customer_ID, Order_ID) values (60, 168);
insert into Orders (Customer_ID, Order_ID) values (13, 169);
insert into Orders (Customer_ID, Order_ID) values (97, 170);
insert into Orders (Customer_ID, Order_ID) values (63, 171);
insert into Orders (Customer_ID, Order_ID) values (73, 172);
insert into Orders (Customer_ID, Order_ID) values (30, 173);
insert into Orders (Customer_ID, Order_ID) values (85, 174);
insert into Orders (Customer_ID, Order_ID) values (55, 175);
insert into Orders (Customer_ID, Order_ID) values (80, 176);
insert into Orders (Customer_ID, Order_ID) values (55, 177);
insert into Orders (Customer_ID, Order_ID) values (35, 178);
insert into Orders (Customer_ID, Order_ID) values (2, 179);
insert into Orders (Customer_ID, Order_ID) values (97, 180);
insert into Orders (Customer_ID, Order_ID) values (48, 181);
insert into Orders (Customer_ID, Order_ID) values (39, 182);
insert into Orders (Customer_ID, Order_ID) values (22, 183);
insert into Orders (Customer_ID, Order_ID) values (19, 184);
insert into Orders (Customer_ID, Order_ID) values (41, 185);
insert into Orders (Customer_ID, Order_ID) values (17, 186);
insert into Orders (Customer_ID, Order_ID) values (60, 187);
insert into Orders (Customer_ID, Order_ID) values (28, 188);
insert into Orders (Customer_ID, Order_ID) values (74, 189);
insert into Orders (Customer_ID, Order_ID) values (96, 190);
insert into Orders (Customer_ID, Order_ID) values (55, 191);
insert into Orders (Customer_ID, Order_ID) values (8, 192);
insert into Orders (Customer_ID, Order_ID) values (92, 193);
insert into Orders (Customer_ID, Order_ID) values (88, 194);
insert into Orders (Customer_ID, Order_ID) values (92, 195);
insert into Orders (Customer_ID, Order_ID) values (19, 196);
insert into Orders (Customer_ID, Order_ID) values (17, 197);
insert into Orders (Customer_ID, Order_ID) values (30, 198);
insert into Orders (Customer_ID, Order_ID) values (65, 199);
insert into Orders (Customer_ID, Order_ID) values (79, 200);
insert into Orders (Customer_ID, Order_ID) values (44, 201);
insert into Orders (Customer_ID, Order_ID) values (78, 202);
insert into Orders (Customer_ID, Order_ID) values (19, 203);
insert into Orders (Customer_ID, Order_ID) values (87, 204);
insert into Orders (Customer_ID, Order_ID) values (50, 205);
insert into Orders (Customer_ID, Order_ID) values (5, 206);
insert into Orders (Customer_ID, Order_ID) values (76, 207);
insert into Orders (Customer_ID, Order_ID) values (65, 208);
insert into Orders (Customer_ID, Order_ID) values (55, 209);
insert into Orders (Customer_ID, Order_ID) values (18, 210);
insert into Orders (Customer_ID, Order_ID) values (36, 211);
insert into Orders (Customer_ID, Order_ID) values (56, 212);
insert into Orders (Customer_ID, Order_ID) values (11, 213);
insert into Orders (Customer_ID, Order_ID) values (1, 214);
insert into Orders (Customer_ID, Order_ID) values (58, 215);
insert into Orders (Customer_ID, Order_ID) values (55, 216);
insert into Orders (Customer_ID, Order_ID) values (1, 217);
insert into Orders (Customer_ID, Order_ID) values (98, 218);
insert into Orders (Customer_ID, Order_ID) values (6, 219);
insert into Orders (Customer_ID, Order_ID) values (29, 220);
insert into Orders (Customer_ID, Order_ID) values (24, 221);
insert into Orders (Customer_ID, Order_ID) values (62, 222);
insert into Orders (Customer_ID, Order_ID) values (76, 223);
insert into Orders (Customer_ID, Order_ID) values (64, 224);
insert into Orders (Customer_ID, Order_ID) values (1, 225);
insert into Orders (Customer_ID, Order_ID) values (22, 226);
insert into Orders (Customer_ID, Order_ID) values (70, 227);
insert into Orders (Customer_ID, Order_ID) values (41, 228);
insert into Orders (Customer_ID, Order_ID) values (88, 229);
insert into Orders (Customer_ID, Order_ID) values (49, 230);
insert into Orders (Customer_ID, Order_ID) values (87, 231);
insert into Orders (Customer_ID, Order_ID) values (2, 232);
insert into Orders (Customer_ID, Order_ID) values (85, 233);
insert into Orders (Customer_ID, Order_ID) values (77, 234);
insert into Orders (Customer_ID, Order_ID) values (45, 235);
insert into Orders (Customer_ID, Order_ID) values (62, 236);
insert into Orders (Customer_ID, Order_ID) values (81, 237);
insert into Orders (Customer_ID, Order_ID) values (57, 238);
insert into Orders (Customer_ID, Order_ID) values (43, 239);
insert into Orders (Customer_ID, Order_ID) values (34, 240);
insert into Orders (Customer_ID, Order_ID) values (90, 241);
insert into Orders (Customer_ID, Order_ID) values (98, 242);
insert into Orders (Customer_ID, Order_ID) values (85, 243);
insert into Orders (Customer_ID, Order_ID) values (11, 244);
insert into Orders (Customer_ID, Order_ID) values (7, 245);
insert into Orders (Customer_ID, Order_ID) values (94, 246);
insert into Orders (Customer_ID, Order_ID) values (24, 247);
insert into Orders (Customer_ID, Order_ID) values (33, 248);
insert into Orders (Customer_ID, Order_ID) values (34, 249);
insert into Orders (Customer_ID, Order_ID) values (35, 250);
insert into Orders (Customer_ID, Order_ID) values (27, 251);
insert into Orders (Customer_ID, Order_ID) values (88, 252);
insert into Orders (Customer_ID, Order_ID) values (80, 253);
insert into Orders (Customer_ID, Order_ID) values (66, 254);
insert into Orders (Customer_ID, Order_ID) values (24, 255);
insert into Orders (Customer_ID, Order_ID) values (57, 256);
insert into Orders (Customer_ID, Order_ID) values (72, 257);
insert into Orders (Customer_ID, Order_ID) values (42, 258);
insert into Orders (Customer_ID, Order_ID) values (18, 259);
insert into Orders (Customer_ID, Order_ID) values (53, 260);
insert into Orders (Customer_ID, Order_ID) values (77, 261);
insert into Orders (Customer_ID, Order_ID) values (22, 262);
insert into Orders (Customer_ID, Order_ID) values (23, 263);
insert into Orders (Customer_ID, Order_ID) values (91, 264);
insert into Orders (Customer_ID, Order_ID) values (84, 265);
insert into Orders (Customer_ID, Order_ID) values (57, 266);
insert into Orders (Customer_ID, Order_ID) values (70, 267);
insert into Orders (Customer_ID, Order_ID) values (62, 268);
insert into Orders (Customer_ID, Order_ID) values (95, 269);
insert into Orders (Customer_ID, Order_ID) values (13, 270);
insert into Orders (Customer_ID, Order_ID) values (44, 271);
insert into Orders (Customer_ID, Order_ID) values (21, 272);
insert into Orders (Customer_ID, Order_ID) values (21, 273);
insert into Orders (Customer_ID, Order_ID) values (79, 274);
insert into Orders (Customer_ID, Order_ID) values (99, 275);
insert into Orders (Customer_ID, Order_ID) values (63, 276);
insert into Orders (Customer_ID, Order_ID) values (10, 277);
insert into Orders (Customer_ID, Order_ID) values (53, 278);
insert into Orders (Customer_ID, Order_ID) values (58, 279);
insert into Orders (Customer_ID, Order_ID) values (79, 280);
insert into Orders (Customer_ID, Order_ID) values (5, 281);
insert into Orders (Customer_ID, Order_ID) values (58, 282);
insert into Orders (Customer_ID, Order_ID) values (18, 283);
insert into Orders (Customer_ID, Order_ID) values (38, 284);
insert into Orders (Customer_ID, Order_ID) values (12, 285);
insert into Orders (Customer_ID, Order_ID) values (4, 286);
insert into Orders (Customer_ID, Order_ID) values (10, 287);
insert into Orders (Customer_ID, Order_ID) values (86, 288);
insert into Orders (Customer_ID, Order_ID) values (5, 289);
insert into Orders (Customer_ID, Order_ID) values (27, 290);
insert into Orders (Customer_ID, Order_ID) values (52, 291);
insert into Orders (Customer_ID, Order_ID) values (60, 292);
insert into Orders (Customer_ID, Order_ID) values (87, 293);
insert into Orders (Customer_ID, Order_ID) values (43, 294);
insert into Orders (Customer_ID, Order_ID) values (67, 295);
insert into Orders (Customer_ID, Order_ID) values (40, 296);
insert into Orders (Customer_ID, Order_ID) values (70, 297);
insert into Orders (Customer_ID, Order_ID) values (66, 298);
insert into Orders (Customer_ID, Order_ID) values (76, 299);
insert into Orders (Customer_ID, Order_ID) values (31, 300);
insert into Orders (Customer_ID, Order_ID) values (77, 301);
insert into Orders (Customer_ID, Order_ID) values (11, 302);
insert into Orders (Customer_ID, Order_ID) values (15, 303);
insert into Orders (Customer_ID, Order_ID) values (26, 304);
insert into Orders (Customer_ID, Order_ID) values (65, 305);
insert into Orders (Customer_ID, Order_ID) values (60, 306);
insert into Orders (Customer_ID, Order_ID) values (84, 307);
insert into Orders (Customer_ID, Order_ID) values (49, 308);
insert into Orders (Customer_ID, Order_ID) values (9, 309);
insert into Orders (Customer_ID, Order_ID) values (37, 310);
insert into Orders (Customer_ID, Order_ID) values (55, 311);
insert into Orders (Customer_ID, Order_ID) values (15, 312);
insert into Orders (Customer_ID, Order_ID) values (23, 313);
insert into Orders (Customer_ID, Order_ID) values (98, 314);
insert into Orders (Customer_ID, Order_ID) values (40, 315);
insert into Orders (Customer_ID, Order_ID) values (86, 316);
insert into Orders (Customer_ID, Order_ID) values (24, 317);
insert into Orders (Customer_ID, Order_ID) values (73, 318);
insert into Orders (Customer_ID, Order_ID) values (9, 319);
insert into Orders (Customer_ID, Order_ID) values (72, 320);
insert into Orders (Customer_ID, Order_ID) values (83, 321);
insert into Orders (Customer_ID, Order_ID) values (39, 322);
insert into Orders (Customer_ID, Order_ID) values (38, 323);
insert into Orders (Customer_ID, Order_ID) values (52, 324);
insert into Orders (Customer_ID, Order_ID) values (97, 325);
insert into Orders (Customer_ID, Order_ID) values (29, 326);
insert into Orders (Customer_ID, Order_ID) values (96, 327);
insert into Orders (Customer_ID, Order_ID) values (35, 328);
insert into Orders (Customer_ID, Order_ID) values (90, 329);
insert into Orders (Customer_ID, Order_ID) values (20, 330);
insert into Orders (Customer_ID, Order_ID) values (9, 331);
insert into Orders (Customer_ID, Order_ID) values (62, 332);
insert into Orders (Customer_ID, Order_ID) values (43, 333);
insert into Orders (Customer_ID, Order_ID) values (81, 334);
insert into Orders (Customer_ID, Order_ID) values (30, 335);
insert into Orders (Customer_ID, Order_ID) values (23, 336);
insert into Orders (Customer_ID, Order_ID) values (96, 337);
insert into Orders (Customer_ID, Order_ID) values (19, 338);
insert into Orders (Customer_ID, Order_ID) values (49, 339);
insert into Orders (Customer_ID, Order_ID) values (41, 340);
insert into Orders (Customer_ID, Order_ID) values (21, 341);
insert into Orders (Customer_ID, Order_ID) values (97, 342);
insert into Orders (Customer_ID, Order_ID) values (88, 343);
insert into Orders (Customer_ID, Order_ID) values (73, 344);
insert into Orders (Customer_ID, Order_ID) values (4, 345);
insert into Orders (Customer_ID, Order_ID) values (28, 346);
insert into Orders (Customer_ID, Order_ID) values (61, 347);
insert into Orders (Customer_ID, Order_ID) values (50, 348);
insert into Orders (Customer_ID, Order_ID) values (56, 349);
insert into Orders (Customer_ID, Order_ID) values (97, 350);
insert into Orders (Customer_ID, Order_ID) values (32, 351);
insert into Orders (Customer_ID, Order_ID) values (56, 352);
insert into Orders (Customer_ID, Order_ID) values (22, 353);
insert into Orders (Customer_ID, Order_ID) values (46, 354);
insert into Orders (Customer_ID, Order_ID) values (53, 355);
insert into Orders (Customer_ID, Order_ID) values (81, 356);
insert into Orders (Customer_ID, Order_ID) values (92, 357);
insert into Orders (Customer_ID, Order_ID) values (74, 358);
insert into Orders (Customer_ID, Order_ID) values (86, 359);
insert into Orders (Customer_ID, Order_ID) values (69, 360);
insert into Orders (Customer_ID, Order_ID) values (43, 361);
insert into Orders (Customer_ID, Order_ID) values (23, 362);
insert into Orders (Customer_ID, Order_ID) values (78, 363);
insert into Orders (Customer_ID, Order_ID) values (75, 364);
insert into Orders (Customer_ID, Order_ID) values (46, 365);
insert into Orders (Customer_ID, Order_ID) values (84, 366);
insert into Orders (Customer_ID, Order_ID) values (99, 367);
insert into Orders (Customer_ID, Order_ID) values (13, 368);
insert into Orders (Customer_ID, Order_ID) values (50, 369);
insert into Orders (Customer_ID, Order_ID) values (75, 370);
insert into Orders (Customer_ID, Order_ID) values (97, 371);
insert into Orders (Customer_ID, Order_ID) values (16, 372);
insert into Orders (Customer_ID, Order_ID) values (11, 373);
insert into Orders (Customer_ID, Order_ID) values (86, 374);
insert into Orders (Customer_ID, Order_ID) values (15, 375);
insert into Orders (Customer_ID, Order_ID) values (24, 376);
insert into Orders (Customer_ID, Order_ID) values (54, 377);
insert into Orders (Customer_ID, Order_ID) values (42, 378);
insert into Orders (Customer_ID, Order_ID) values (31, 379);
insert into Orders (Customer_ID, Order_ID) values (29, 380);
insert into Orders (Customer_ID, Order_ID) values (78, 381);
insert into Orders (Customer_ID, Order_ID) values (68, 382);
insert into Orders (Customer_ID, Order_ID) values (62, 383);
insert into Orders (Customer_ID, Order_ID) values (89, 384);
insert into Orders (Customer_ID, Order_ID) values (25, 385);
insert into Orders (Customer_ID, Order_ID) values (26, 386);
insert into Orders (Customer_ID, Order_ID) values (55, 387);
insert into Orders (Customer_ID, Order_ID) values (15, 388);
insert into Orders (Customer_ID, Order_ID) values (73, 389);
insert into Orders (Customer_ID, Order_ID) values (14, 390);
insert into Orders (Customer_ID, Order_ID) values (56, 391);
insert into Orders (Customer_ID, Order_ID) values (96, 392);
insert into Orders (Customer_ID, Order_ID) values (45, 393);
insert into Orders (Customer_ID, Order_ID) values (54, 394);
insert into Orders (Customer_ID, Order_ID) values (36, 395);
insert into Orders (Customer_ID, Order_ID) values (54, 396);
insert into Orders (Customer_ID, Order_ID) values (83, 397);
insert into Orders (Customer_ID, Order_ID) values (95, 398);
insert into Orders (Customer_ID, Order_ID) values (66, 399);
insert into Orders (Customer_ID, Order_ID) values (65, 400);

SELECT * FROM Orders;

USE FashionRetailStore;
insert into Order_Item (Order_ID, Order_Item_ID, Order_Date, Order_Qty) values (304, 1, '2022-01-31', 16);
insert into Order_Item (Order_ID, Order_Item_ID, Order_Date, Order_Qty) values (186, 2, '2022-01-16', 14);
insert into Order_Item (Order_ID, Order_Item_ID, Order_Date, Order_Qty) values (268, 3, '2022-11-10', 6);
insert into Order_Item (Order_ID, Order_Item_ID, Order_Date, Order_Qty) values (215, 4, '2022-12-30', 22);
insert into Order_Item (Order_ID, Order_Item_ID, Order_Date, Order_Qty) values (370, 5, '2022-10-28', 12);
insert into Order_Item (Order_ID, Order_Item_ID, Order_Date, Order_Qty) values (166, 6, '2022-11-03', 9);
insert into Order_Item (Order_ID, Order_Item_ID, Order_Date, Order_Qty) values (50, 7, '2022-01-12', 4);
insert into Order_Item (Order_ID, Order_Item_ID, Order_Date, Order_Qty) values (168, 8, '2022-05-18', 28);
insert into Order_Item (Order_ID, Order_Item_ID, Order_Date, Order_Qty) values (67, 9, '2022-02-14', 9);
insert into Order_Item (Order_ID, Order_Item_ID, Order_Date, Order_Qty) values (307, 10, '2022-06-01', 29);
insert into Order_Item (Order_ID, Order_Item_ID, Order_Date, Order_Qty) values (177, 11, '2022-01-13', 23);
insert into Order_Item (Order_ID, Order_Item_ID, Order_Date, Order_Qty) values (395, 12, '2022-02-27', 4);
insert into Order_Item (Order_ID, Order_Item_ID, Order_Date, Order_Qty) values (317, 13, '2022-03-21', 26);
insert into Order_Item (Order_ID, Order_Item_ID, Order_Date, Order_Qty) values (128, 14, '2022-06-16', 16);
insert into Order_Item (Order_ID, Order_Item_ID, Order_Date, Order_Qty) values (179, 15, '2022-08-25', 7);
insert into Order_Item (Order_ID, Order_Item_ID, Order_Date, Order_Qty) values (179, 16, '2022-02-09', 19);
insert into Order_Item (Order_ID, Order_Item_ID, Order_Date, Order_Qty) values (103, 17, '2022-11-04', 20);
insert into Order_Item (Order_ID, Order_Item_ID, Order_Date, Order_Qty) values (170, 18, '2022-04-27', 13);
insert into Order_Item (Order_ID, Order_Item_ID, Order_Date, Order_Qty) values (334, 19, '2022-10-25', 3);
insert into Order_Item (Order_ID, Order_Item_ID, Order_Date, Order_Qty) values (391, 20, '2022-05-11', 6);
insert into Order_Item (Order_ID, Order_Item_ID, Order_Date, Order_Qty) values (141, 21, '2022-07-17', 1);
insert into Order_Item (Order_ID, Order_Item_ID, Order_Date, Order_Qty) values (207, 22, '2022-08-03', 21);
insert into Order_Item (Order_ID, Order_Item_ID, Order_Date, Order_Qty) values (152, 23, '2022-02-17', 10);
insert into Order_Item (Order_ID, Order_Item_ID, Order_Date, Order_Qty) values (321, 24, '2022-02-20', 9);
insert into Order_Item (Order_ID, Order_Item_ID, Order_Date, Order_Qty) values (362, 25, '2022-09-19', 30);
insert into Order_Item (Order_ID, Order_Item_ID, Order_Date, Order_Qty) values (337, 26, '2022-08-02', 15);
insert into Order_Item (Order_ID, Order_Item_ID, Order_Date, Order_Qty) values (68, 27, '2022-09-17', 8);
insert into Order_Item (Order_ID, Order_Item_ID, Order_Date, Order_Qty) values (56, 28, '2022-02-07', 1);
insert into Order_Item (Order_ID, Order_Item_ID, Order_Date, Order_Qty) values (396, 29, '2022-04-10', 26);
insert into Order_Item (Order_ID, Order_Item_ID, Order_Date, Order_Qty) values (300, 30, '2022-11-08', 26);
insert into Order_Item (Order_ID, Order_Item_ID, Order_Date, Order_Qty) values (321, 31, '2022-11-07', 24);
insert into Order_Item (Order_ID, Order_Item_ID, Order_Date, Order_Qty) values (39, 32, '2022-01-22', 25);
insert into Order_Item (Order_ID, Order_Item_ID, Order_Date, Order_Qty) values (122, 33, '2022-02-27', 7);
insert into Order_Item (Order_ID, Order_Item_ID, Order_Date, Order_Qty) values (335, 34, '2022-06-10', 18);
insert into Order_Item (Order_ID, Order_Item_ID, Order_Date, Order_Qty) values (206, 35, '2022-10-23', 28);
insert into Order_Item (Order_ID, Order_Item_ID, Order_Date, Order_Qty) values (193, 36, '2022-03-28', 12);
insert into Order_Item (Order_ID, Order_Item_ID, Order_Date, Order_Qty) values (8, 37, '2022-05-05', 23);
insert into Order_Item (Order_ID, Order_Item_ID, Order_Date, Order_Qty) values (213, 38, '2022-12-11', 9);
insert into Order_Item (Order_ID, Order_Item_ID, Order_Date, Order_Qty) values (38, 39, '2022-02-23', 7);
insert into Order_Item (Order_ID, Order_Item_ID, Order_Date, Order_Qty) values (234, 40, '2022-01-14', 19);
insert into Order_Item (Order_ID, Order_Item_ID, Order_Date, Order_Qty) values (199, 41, '2022-01-05', 13);
insert into Order_Item (Order_ID, Order_Item_ID, Order_Date, Order_Qty) values (178, 42, '2022-07-25', 6);
insert into Order_Item (Order_ID, Order_Item_ID, Order_Date, Order_Qty) values (150, 43, '2022-11-05', 4);
insert into Order_Item (Order_ID, Order_Item_ID, Order_Date, Order_Qty) values (305, 44, '2022-08-17', 12);
insert into Order_Item (Order_ID, Order_Item_ID, Order_Date, Order_Qty) values (180, 45, '2022-04-15', 14);
insert into Order_Item (Order_ID, Order_Item_ID, Order_Date, Order_Qty) values (70, 46, '2022-09-27', 15);
insert into Order_Item (Order_ID, Order_Item_ID, Order_Date, Order_Qty) values (186, 47, '2022-07-07', 25);
insert into Order_Item (Order_ID, Order_Item_ID, Order_Date, Order_Qty) values (146, 48, '2022-12-24', 17);
insert into Order_Item (Order_ID, Order_Item_ID, Order_Date, Order_Qty) values (121, 49, '2022-04-25', 1);
insert into Order_Item (Order_ID, Order_Item_ID, Order_Date, Order_Qty) values (208, 50, '2022-11-06', 30);
insert into Order_Item (Order_ID, Order_Item_ID, Order_Date, Order_Qty) values (344, 51, '2022-09-05', 30);
insert into Order_Item (Order_ID, Order_Item_ID, Order_Date, Order_Qty) values (333, 52, '2022-02-14', 10);
insert into Order_Item (Order_ID, Order_Item_ID, Order_Date, Order_Qty) values (377, 53, '2022-09-15', 5);
insert into Order_Item (Order_ID, Order_Item_ID, Order_Date, Order_Qty) values (230, 54, '2022-10-30', 21);
insert into Order_Item (Order_ID, Order_Item_ID, Order_Date, Order_Qty) values (104, 55, '2022-02-25', 23);
insert into Order_Item (Order_ID, Order_Item_ID, Order_Date, Order_Qty) values (310, 56, '2022-05-26', 21);
insert into Order_Item (Order_ID, Order_Item_ID, Order_Date, Order_Qty) values (235, 57, '2022-05-20', 18);
insert into Order_Item (Order_ID, Order_Item_ID, Order_Date, Order_Qty) values (211, 58, '2022-03-29', 27);
insert into Order_Item (Order_ID, Order_Item_ID, Order_Date, Order_Qty) values (250, 59, '2022-05-31', 25);
insert into Order_Item (Order_ID, Order_Item_ID, Order_Date, Order_Qty) values (114, 60, '2022-07-19', 28);
insert into Order_Item (Order_ID, Order_Item_ID, Order_Date, Order_Qty) values (368, 61, '2022-10-28', 12);
insert into Order_Item (Order_ID, Order_Item_ID, Order_Date, Order_Qty) values (373, 62, '2022-08-30', 8);
insert into Order_Item (Order_ID, Order_Item_ID, Order_Date, Order_Qty) values (143, 63, '2022-09-12', 15);
insert into Order_Item (Order_ID, Order_Item_ID, Order_Date, Order_Qty) values (348, 64, '2022-06-27', 4);
insert into Order_Item (Order_ID, Order_Item_ID, Order_Date, Order_Qty) values (86, 65, '2022-09-12', 14);
insert into Order_Item (Order_ID, Order_Item_ID, Order_Date, Order_Qty) values (268, 66, '2022-09-05', 6);
insert into Order_Item (Order_ID, Order_Item_ID, Order_Date, Order_Qty) values (362, 67, '2022-04-28', 27);
insert into Order_Item (Order_ID, Order_Item_ID, Order_Date, Order_Qty) values (268, 68, '2022-02-25', 21);
insert into Order_Item (Order_ID, Order_Item_ID, Order_Date, Order_Qty) values (183, 69, '2022-09-20', 23);
insert into Order_Item (Order_ID, Order_Item_ID, Order_Date, Order_Qty) values (312, 70, '2022-12-07', 6);
insert into Order_Item (Order_ID, Order_Item_ID, Order_Date, Order_Qty) values (356, 71, '2022-12-16', 11);
insert into Order_Item (Order_ID, Order_Item_ID, Order_Date, Order_Qty) values (310, 72, '2022-06-02', 4);
insert into Order_Item (Order_ID, Order_Item_ID, Order_Date, Order_Qty) values (302, 73, '2022-08-06', 2);
insert into Order_Item (Order_ID, Order_Item_ID, Order_Date, Order_Qty) values (188, 74, '2022-03-11', 11);
insert into Order_Item (Order_ID, Order_Item_ID, Order_Date, Order_Qty) values (200, 75, '2022-05-30', 7);
insert into Order_Item (Order_ID, Order_Item_ID, Order_Date, Order_Qty) values (164, 76, '2022-07-10', 11);
insert into Order_Item (Order_ID, Order_Item_ID, Order_Date, Order_Qty) values (13, 77, '2022-04-04', 8);
insert into Order_Item (Order_ID, Order_Item_ID, Order_Date, Order_Qty) values (267, 78, '2022-05-01', 12);
insert into Order_Item (Order_ID, Order_Item_ID, Order_Date, Order_Qty) values (54, 79, '2022-01-30', 16);
insert into Order_Item (Order_ID, Order_Item_ID, Order_Date, Order_Qty) values (43, 80, '2022-11-27', 11);
insert into Order_Item (Order_ID, Order_Item_ID, Order_Date, Order_Qty) values (232, 81, '2022-02-20', 11);
insert into Order_Item (Order_ID, Order_Item_ID, Order_Date, Order_Qty) values (38, 82, '2022-05-24', 28);
insert into Order_Item (Order_ID, Order_Item_ID, Order_Date, Order_Qty) values (251, 83, '2022-01-05', 23);
insert into Order_Item (Order_ID, Order_Item_ID, Order_Date, Order_Qty) values (66, 84, '2022-03-27', 18);
insert into Order_Item (Order_ID, Order_Item_ID, Order_Date, Order_Qty) values (126, 85, '2022-06-04', 13);
insert into Order_Item (Order_ID, Order_Item_ID, Order_Date, Order_Qty) values (39, 86, '2022-03-21', 7);
insert into Order_Item (Order_ID, Order_Item_ID, Order_Date, Order_Qty) values (337, 87, '2022-10-17', 27);
insert into Order_Item (Order_ID, Order_Item_ID, Order_Date, Order_Qty) values (132, 88, '2022-12-07', 23);
insert into Order_Item (Order_ID, Order_Item_ID, Order_Date, Order_Qty) values (126, 89, '2022-05-08', 6);
insert into Order_Item (Order_ID, Order_Item_ID, Order_Date, Order_Qty) values (263, 90, '2022-07-31', 11);
insert into Order_Item (Order_ID, Order_Item_ID, Order_Date, Order_Qty) values (272, 91, '2022-06-14', 19);
insert into Order_Item (Order_ID, Order_Item_ID, Order_Date, Order_Qty) values (283, 92, '2022-10-10', 17);
insert into Order_Item (Order_ID, Order_Item_ID, Order_Date, Order_Qty) values (329, 93, '2022-04-30', 15);
insert into Order_Item (Order_ID, Order_Item_ID, Order_Date, Order_Qty) values (143, 94, '2022-08-04', 21);
insert into Order_Item (Order_ID, Order_Item_ID, Order_Date, Order_Qty) values (39, 95, '2022-11-18', 9);
insert into Order_Item (Order_ID, Order_Item_ID, Order_Date, Order_Qty) values (86, 96, '2022-09-08', 26);
insert into Order_Item (Order_ID, Order_Item_ID, Order_Date, Order_Qty) values (96, 97, '2022-09-27', 10);
insert into Order_Item (Order_ID, Order_Item_ID, Order_Date, Order_Qty) values (214, 98, '2022-12-02', 24);
insert into Order_Item (Order_ID, Order_Item_ID, Order_Date, Order_Qty) values (122, 99, '2022-01-15', 9);
insert into Order_Item (Order_ID, Order_Item_ID, Order_Date, Order_Qty) values (146, 100, '2022-12-24', 6);
insert into Order_Item (Order_ID, Order_Item_ID, Order_Date, Order_Qty) values (141, 101, '2022-06-30', 29);
insert into Order_Item (Order_ID, Order_Item_ID, Order_Date, Order_Qty) values (395, 102, '2022-12-10', 23);
insert into Order_Item (Order_ID, Order_Item_ID, Order_Date, Order_Qty) values (282, 103, '2022-11-06', 30);
insert into Order_Item (Order_ID, Order_Item_ID, Order_Date, Order_Qty) values (32, 104, '2022-07-19', 21);
insert into Order_Item (Order_ID, Order_Item_ID, Order_Date, Order_Qty) values (39, 105, '2022-01-05', 9);
insert into Order_Item (Order_ID, Order_Item_ID, Order_Date, Order_Qty) values (180, 106, '2022-09-28', 8);
insert into Order_Item (Order_ID, Order_Item_ID, Order_Date, Order_Qty) values (371, 107, '2022-01-18', 10);
insert into Order_Item (Order_ID, Order_Item_ID, Order_Date, Order_Qty) values (135, 108, '2022-07-25', 6);
insert into Order_Item (Order_ID, Order_Item_ID, Order_Date, Order_Qty) values (318, 109, '2022-09-11', 6);
insert into Order_Item (Order_ID, Order_Item_ID, Order_Date, Order_Qty) values (280, 110, '2022-03-17', 25);
insert into Order_Item (Order_ID, Order_Item_ID, Order_Date, Order_Qty) values (188, 111, '2022-05-31', 20);
insert into Order_Item (Order_ID, Order_Item_ID, Order_Date, Order_Qty) values (94, 112, '2022-04-09', 11);
insert into Order_Item (Order_ID, Order_Item_ID, Order_Date, Order_Qty) values (319, 113, '2022-04-19', 1);
insert into Order_Item (Order_ID, Order_Item_ID, Order_Date, Order_Qty) values (359, 114, '2022-06-01', 22);
insert into Order_Item (Order_ID, Order_Item_ID, Order_Date, Order_Qty) values (263, 115, '2022-04-27', 9);
insert into Order_Item (Order_ID, Order_Item_ID, Order_Date, Order_Qty) values (262, 116, '2022-10-28', 14);
insert into Order_Item (Order_ID, Order_Item_ID, Order_Date, Order_Qty) values (115, 117, '2022-04-30', 7);
insert into Order_Item (Order_ID, Order_Item_ID, Order_Date, Order_Qty) values (121, 118, '2022-08-25', 26);
insert into Order_Item (Order_ID, Order_Item_ID, Order_Date, Order_Qty) values (203, 119, '2022-05-19', 15);
insert into Order_Item (Order_ID, Order_Item_ID, Order_Date, Order_Qty) values (94, 120, '2022-06-14', 12);
insert into Order_Item (Order_ID, Order_Item_ID, Order_Date, Order_Qty) values (103, 121, '2022-06-25', 11);
insert into Order_Item (Order_ID, Order_Item_ID, Order_Date, Order_Qty) values (360, 122, '2022-02-09', 17);
insert into Order_Item (Order_ID, Order_Item_ID, Order_Date, Order_Qty) values (264, 123, '2022-03-08', 14);
insert into Order_Item (Order_ID, Order_Item_ID, Order_Date, Order_Qty) values (336, 124, '2022-10-30', 27);
insert into Order_Item (Order_ID, Order_Item_ID, Order_Date, Order_Qty) values (146, 125, '2022-05-06', 29);
insert into Order_Item (Order_ID, Order_Item_ID, Order_Date, Order_Qty) values (111, 126, '2022-08-14', 2);
insert into Order_Item (Order_ID, Order_Item_ID, Order_Date, Order_Qty) values (19, 127, '2022-07-22', 6);
insert into Order_Item (Order_ID, Order_Item_ID, Order_Date, Order_Qty) values (325, 128, '2022-08-31', 13);
insert into Order_Item (Order_ID, Order_Item_ID, Order_Date, Order_Qty) values (75, 129, '2022-10-14', 30);
insert into Order_Item (Order_ID, Order_Item_ID, Order_Date, Order_Qty) values (174, 130, '2022-03-22', 12);
insert into Order_Item (Order_ID, Order_Item_ID, Order_Date, Order_Qty) values (107, 131, '2022-11-11', 13);
insert into Order_Item (Order_ID, Order_Item_ID, Order_Date, Order_Qty) values (364, 132, '2022-09-20', 7);
insert into Order_Item (Order_ID, Order_Item_ID, Order_Date, Order_Qty) values (109, 133, '2022-06-29', 4);
insert into Order_Item (Order_ID, Order_Item_ID, Order_Date, Order_Qty) values (185, 134, '2022-03-04', 6);
insert into Order_Item (Order_ID, Order_Item_ID, Order_Date, Order_Qty) values (338, 135, '2022-12-29', 28);
insert into Order_Item (Order_ID, Order_Item_ID, Order_Date, Order_Qty) values (397, 136, '2022-11-16', 4);
insert into Order_Item (Order_ID, Order_Item_ID, Order_Date, Order_Qty) values (383, 137, '2022-02-21', 15);
insert into Order_Item (Order_ID, Order_Item_ID, Order_Date, Order_Qty) values (310, 138, '2022-02-02', 6);
insert into Order_Item (Order_ID, Order_Item_ID, Order_Date, Order_Qty) values (39, 139, '2022-12-04', 4);
insert into Order_Item (Order_ID, Order_Item_ID, Order_Date, Order_Qty) values (224, 140, '2022-08-04', 14);
insert into Order_Item (Order_ID, Order_Item_ID, Order_Date, Order_Qty) values (114, 141, '2022-12-17', 11);
insert into Order_Item (Order_ID, Order_Item_ID, Order_Date, Order_Qty) values (263, 142, '2022-10-29', 22);
insert into Order_Item (Order_ID, Order_Item_ID, Order_Date, Order_Qty) values (29, 143, '2022-06-21', 9);
insert into Order_Item (Order_ID, Order_Item_ID, Order_Date, Order_Qty) values (266, 144, '2022-12-19', 19);
insert into Order_Item (Order_ID, Order_Item_ID, Order_Date, Order_Qty) values (227, 145, '2022-04-15', 5);
insert into Order_Item (Order_ID, Order_Item_ID, Order_Date, Order_Qty) values (356, 146, '2022-10-29', 26);
insert into Order_Item (Order_ID, Order_Item_ID, Order_Date, Order_Qty) values (63, 147, '2022-10-14', 7);
insert into Order_Item (Order_ID, Order_Item_ID, Order_Date, Order_Qty) values (399, 148, '2022-01-15', 1);
insert into Order_Item (Order_ID, Order_Item_ID, Order_Date, Order_Qty) values (9, 149, '2022-02-21', 7);
insert into Order_Item (Order_ID, Order_Item_ID, Order_Date, Order_Qty) values (261, 150, '2022-12-08', 25);
insert into Order_Item (Order_ID, Order_Item_ID, Order_Date, Order_Qty) values (284, 151, '2022-08-05', 29);
insert into Order_Item (Order_ID, Order_Item_ID, Order_Date, Order_Qty) values (7, 152, '2022-12-11', 16);
insert into Order_Item (Order_ID, Order_Item_ID, Order_Date, Order_Qty) values (366, 153, '2022-08-08', 28);
insert into Order_Item (Order_ID, Order_Item_ID, Order_Date, Order_Qty) values (311, 154, '2022-03-09', 23);
insert into Order_Item (Order_ID, Order_Item_ID, Order_Date, Order_Qty) values (62, 155, '2022-05-20', 6);
insert into Order_Item (Order_ID, Order_Item_ID, Order_Date, Order_Qty) values (69, 156, '2022-01-18', 22);
insert into Order_Item (Order_ID, Order_Item_ID, Order_Date, Order_Qty) values (62, 157, '2022-10-21', 5);
insert into Order_Item (Order_ID, Order_Item_ID, Order_Date, Order_Qty) values (16, 158, '2022-12-23', 5);
insert into Order_Item (Order_ID, Order_Item_ID, Order_Date, Order_Qty) values (207, 159, '2022-04-02', 21);
insert into Order_Item (Order_ID, Order_Item_ID, Order_Date, Order_Qty) values (91, 160, '2022-11-03', 17);
insert into Order_Item (Order_ID, Order_Item_ID, Order_Date, Order_Qty) values (184, 161, '2022-08-16', 28);
insert into Order_Item (Order_ID, Order_Item_ID, Order_Date, Order_Qty) values (254, 162, '2022-03-17', 15);
insert into Order_Item (Order_ID, Order_Item_ID, Order_Date, Order_Qty) values (184, 163, '2022-06-27', 10);
insert into Order_Item (Order_ID, Order_Item_ID, Order_Date, Order_Qty) values (305, 164, '2022-08-05', 4);
insert into Order_Item (Order_ID, Order_Item_ID, Order_Date, Order_Qty) values (292, 165, '2022-06-21', 25);
insert into Order_Item (Order_ID, Order_Item_ID, Order_Date, Order_Qty) values (208, 166, '2022-07-03', 5);
insert into Order_Item (Order_ID, Order_Item_ID, Order_Date, Order_Qty) values (381, 167, '2022-12-23', 22);
insert into Order_Item (Order_ID, Order_Item_ID, Order_Date, Order_Qty) values (293, 168, '2022-06-22', 30);
insert into Order_Item (Order_ID, Order_Item_ID, Order_Date, Order_Qty) values (34, 169, '2022-01-31', 28);
insert into Order_Item (Order_ID, Order_Item_ID, Order_Date, Order_Qty) values (124, 170, '2022-11-29', 29);
insert into Order_Item (Order_ID, Order_Item_ID, Order_Date, Order_Qty) values (266, 171, '2022-09-14', 8);
insert into Order_Item (Order_ID, Order_Item_ID, Order_Date, Order_Qty) values (159, 172, '2022-06-17', 10);
insert into Order_Item (Order_ID, Order_Item_ID, Order_Date, Order_Qty) values (95, 173, '2022-04-05', 9);
insert into Order_Item (Order_ID, Order_Item_ID, Order_Date, Order_Qty) values (161, 174, '2022-10-09', 1);
insert into Order_Item (Order_ID, Order_Item_ID, Order_Date, Order_Qty) values (283, 175, '2022-09-09', 20);
insert into Order_Item (Order_ID, Order_Item_ID, Order_Date, Order_Qty) values (278, 176, '2022-04-12', 4);
insert into Order_Item (Order_ID, Order_Item_ID, Order_Date, Order_Qty) values (59, 177, '2022-03-12', 10);
insert into Order_Item (Order_ID, Order_Item_ID, Order_Date, Order_Qty) values (143, 178, '2022-12-26', 18);
insert into Order_Item (Order_ID, Order_Item_ID, Order_Date, Order_Qty) values (174, 179, '2022-03-01', 16);
insert into Order_Item (Order_ID, Order_Item_ID, Order_Date, Order_Qty) values (225, 180, '2022-02-01', 15);
insert into Order_Item (Order_ID, Order_Item_ID, Order_Date, Order_Qty) values (367, 181, '2022-08-20', 24);
insert into Order_Item (Order_ID, Order_Item_ID, Order_Date, Order_Qty) values (156, 182, '2022-03-18', 27);
insert into Order_Item (Order_ID, Order_Item_ID, Order_Date, Order_Qty) values (183, 183, '2022-01-02', 10);
insert into Order_Item (Order_ID, Order_Item_ID, Order_Date, Order_Qty) values (108, 184, '2022-09-24', 1);
insert into Order_Item (Order_ID, Order_Item_ID, Order_Date, Order_Qty) values (42, 185, '2022-11-15', 21);
insert into Order_Item (Order_ID, Order_Item_ID, Order_Date, Order_Qty) values (313, 186, '2022-05-03', 15);
insert into Order_Item (Order_ID, Order_Item_ID, Order_Date, Order_Qty) values (312, 187, '2022-09-05', 13);
insert into Order_Item (Order_ID, Order_Item_ID, Order_Date, Order_Qty) values (117, 188, '2022-04-18', 27);
insert into Order_Item (Order_ID, Order_Item_ID, Order_Date, Order_Qty) values (316, 189, '2022-05-17', 14);
insert into Order_Item (Order_ID, Order_Item_ID, Order_Date, Order_Qty) values (73, 190, '2022-08-11', 12);
insert into Order_Item (Order_ID, Order_Item_ID, Order_Date, Order_Qty) values (357, 191, '2022-10-04', 9);
insert into Order_Item (Order_ID, Order_Item_ID, Order_Date, Order_Qty) values (293, 192, '2022-09-09', 30);
insert into Order_Item (Order_ID, Order_Item_ID, Order_Date, Order_Qty) values (107, 193, '2022-03-25', 26);
insert into Order_Item (Order_ID, Order_Item_ID, Order_Date, Order_Qty) values (277, 194, '2022-02-18', 25);
insert into Order_Item (Order_ID, Order_Item_ID, Order_Date, Order_Qty) values (273, 195, '2022-08-10', 27);
insert into Order_Item (Order_ID, Order_Item_ID, Order_Date, Order_Qty) values (78, 196, '2022-06-24', 4);
insert into Order_Item (Order_ID, Order_Item_ID, Order_Date, Order_Qty) values (54, 197, '2022-02-13', 22);
insert into Order_Item (Order_ID, Order_Item_ID, Order_Date, Order_Qty) values (208, 198, '2022-07-24', 18);
insert into Order_Item (Order_ID, Order_Item_ID, Order_Date, Order_Qty) values (319, 199, '2022-11-21', 10);
insert into Order_Item (Order_ID, Order_Item_ID, Order_Date, Order_Qty) values (335, 200, '2022-08-18', 19);
insert into Order_Item (Order_ID, Order_Item_ID, Order_Date, Order_Qty) values (97, 201, '2022-03-08', 27);
insert into Order_Item (Order_ID, Order_Item_ID, Order_Date, Order_Qty) values (172, 202, '2022-04-12', 29);
insert into Order_Item (Order_ID, Order_Item_ID, Order_Date, Order_Qty) values (113, 203, '2022-06-23', 13);
insert into Order_Item (Order_ID, Order_Item_ID, Order_Date, Order_Qty) values (296, 204, '2022-02-11', 23);
insert into Order_Item (Order_ID, Order_Item_ID, Order_Date, Order_Qty) values (49, 205, '2022-01-16', 4);
insert into Order_Item (Order_ID, Order_Item_ID, Order_Date, Order_Qty) values (168, 206, '2022-07-03', 6);
insert into Order_Item (Order_ID, Order_Item_ID, Order_Date, Order_Qty) values (225, 207, '2022-10-25', 15);
insert into Order_Item (Order_ID, Order_Item_ID, Order_Date, Order_Qty) values (69, 208, '2022-07-24', 11);
insert into Order_Item (Order_ID, Order_Item_ID, Order_Date, Order_Qty) values (242, 209, '2022-01-03', 18);
insert into Order_Item (Order_ID, Order_Item_ID, Order_Date, Order_Qty) values (237, 210, '2022-12-29', 30);
insert into Order_Item (Order_ID, Order_Item_ID, Order_Date, Order_Qty) values (229, 211, '2022-12-24', 15);
insert into Order_Item (Order_ID, Order_Item_ID, Order_Date, Order_Qty) values (251, 212, '2022-02-13', 20);
insert into Order_Item (Order_ID, Order_Item_ID, Order_Date, Order_Qty) values (272, 213, '2022-05-04', 29);
insert into Order_Item (Order_ID, Order_Item_ID, Order_Date, Order_Qty) values (84, 214, '2022-04-25', 2);
insert into Order_Item (Order_ID, Order_Item_ID, Order_Date, Order_Qty) values (64, 215, '2022-01-15', 23);
insert into Order_Item (Order_ID, Order_Item_ID, Order_Date, Order_Qty) values (397, 216, '2022-07-21', 21);
insert into Order_Item (Order_ID, Order_Item_ID, Order_Date, Order_Qty) values (338, 217, '2022-07-21', 1);
insert into Order_Item (Order_ID, Order_Item_ID, Order_Date, Order_Qty) values (44, 218, '2022-09-05', 5);
insert into Order_Item (Order_ID, Order_Item_ID, Order_Date, Order_Qty) values (140, 219, '2022-10-11', 16);
insert into Order_Item (Order_ID, Order_Item_ID, Order_Date, Order_Qty) values (324, 220, '2022-09-23', 19);
insert into Order_Item (Order_ID, Order_Item_ID, Order_Date, Order_Qty) values (187, 221, '2022-05-18', 5);
insert into Order_Item (Order_ID, Order_Item_ID, Order_Date, Order_Qty) values (35, 222, '2022-10-29', 22);
insert into Order_Item (Order_ID, Order_Item_ID, Order_Date, Order_Qty) values (272, 223, '2022-07-24', 11);
insert into Order_Item (Order_ID, Order_Item_ID, Order_Date, Order_Qty) values (374, 224, '2022-03-09', 10);
insert into Order_Item (Order_ID, Order_Item_ID, Order_Date, Order_Qty) values (112, 225, '2022-10-31', 11);
insert into Order_Item (Order_ID, Order_Item_ID, Order_Date, Order_Qty) values (36, 226, '2022-07-22', 8);
insert into Order_Item (Order_ID, Order_Item_ID, Order_Date, Order_Qty) values (254, 227, '2022-06-10', 17);
insert into Order_Item (Order_ID, Order_Item_ID, Order_Date, Order_Qty) values (329, 228, '2022-02-08', 21);
insert into Order_Item (Order_ID, Order_Item_ID, Order_Date, Order_Qty) values (126, 229, '2022-07-26', 19);
insert into Order_Item (Order_ID, Order_Item_ID, Order_Date, Order_Qty) values (27, 230, '2022-08-10', 9);
insert into Order_Item (Order_ID, Order_Item_ID, Order_Date, Order_Qty) values (70, 231, '2022-01-30', 16);
insert into Order_Item (Order_ID, Order_Item_ID, Order_Date, Order_Qty) values (236, 232, '2022-02-01', 25);
insert into Order_Item (Order_ID, Order_Item_ID, Order_Date, Order_Qty) values (289, 233, '2022-05-14', 13);
insert into Order_Item (Order_ID, Order_Item_ID, Order_Date, Order_Qty) values (394, 234, '2022-03-11', 21);
insert into Order_Item (Order_ID, Order_Item_ID, Order_Date, Order_Qty) values (120, 235, '2022-02-17', 19);
insert into Order_Item (Order_ID, Order_Item_ID, Order_Date, Order_Qty) values (389, 236, '2022-08-22', 4);
insert into Order_Item (Order_ID, Order_Item_ID, Order_Date, Order_Qty) values (62, 237, '2022-04-19', 15);
insert into Order_Item (Order_ID, Order_Item_ID, Order_Date, Order_Qty) values (122, 238, '2022-01-13', 22);
insert into Order_Item (Order_ID, Order_Item_ID, Order_Date, Order_Qty) values (297, 239, '2022-04-26', 6);
insert into Order_Item (Order_ID, Order_Item_ID, Order_Date, Order_Qty) values (57, 240, '2022-08-28', 20);
insert into Order_Item (Order_ID, Order_Item_ID, Order_Date, Order_Qty) values (116, 241, '2022-02-18', 25);
insert into Order_Item (Order_ID, Order_Item_ID, Order_Date, Order_Qty) values (139, 242, '2022-10-03', 2);
insert into Order_Item (Order_ID, Order_Item_ID, Order_Date, Order_Qty) values (311, 243, '2022-07-05', 3);
insert into Order_Item (Order_ID, Order_Item_ID, Order_Date, Order_Qty) values (237, 244, '2022-04-12', 3);
insert into Order_Item (Order_ID, Order_Item_ID, Order_Date, Order_Qty) values (225, 245, '2022-01-20', 1);
insert into Order_Item (Order_ID, Order_Item_ID, Order_Date, Order_Qty) values (256, 246, '2022-09-13', 24);
insert into Order_Item (Order_ID, Order_Item_ID, Order_Date, Order_Qty) values (280, 247, '2022-05-30', 20);
insert into Order_Item (Order_ID, Order_Item_ID, Order_Date, Order_Qty) values (51, 248, '2022-02-26', 15);
insert into Order_Item (Order_ID, Order_Item_ID, Order_Date, Order_Qty) values (42, 249, '2022-07-27', 19);
insert into Order_Item (Order_ID, Order_Item_ID, Order_Date, Order_Qty) values (247, 250, '2022-08-04', 15);
insert into Order_Item (Order_ID, Order_Item_ID, Order_Date, Order_Qty) values (190, 251, '2022-03-18', 25);
insert into Order_Item (Order_ID, Order_Item_ID, Order_Date, Order_Qty) values (140, 252, '2022-04-24', 15);
insert into Order_Item (Order_ID, Order_Item_ID, Order_Date, Order_Qty) values (172, 253, '2022-02-03', 2);
insert into Order_Item (Order_ID, Order_Item_ID, Order_Date, Order_Qty) values (327, 254, '2022-12-16', 16);
insert into Order_Item (Order_ID, Order_Item_ID, Order_Date, Order_Qty) values (41, 255, '2022-04-19', 15);
insert into Order_Item (Order_ID, Order_Item_ID, Order_Date, Order_Qty) values (50, 256, '2022-09-22', 8);
insert into Order_Item (Order_ID, Order_Item_ID, Order_Date, Order_Qty) values (44, 257, '2022-12-03', 11);
insert into Order_Item (Order_ID, Order_Item_ID, Order_Date, Order_Qty) values (219, 258, '2022-11-20', 18);
insert into Order_Item (Order_ID, Order_Item_ID, Order_Date, Order_Qty) values (244, 259, '2022-05-16', 18);
insert into Order_Item (Order_ID, Order_Item_ID, Order_Date, Order_Qty) values (255, 260, '2022-05-22', 1);
insert into Order_Item (Order_ID, Order_Item_ID, Order_Date, Order_Qty) values (190, 261, '2022-10-17', 10);
insert into Order_Item (Order_ID, Order_Item_ID, Order_Date, Order_Qty) values (97, 262, '2022-10-14', 19);
insert into Order_Item (Order_ID, Order_Item_ID, Order_Date, Order_Qty) values (25, 263, '2022-02-17', 18);
insert into Order_Item (Order_ID, Order_Item_ID, Order_Date, Order_Qty) values (378, 264, '2022-07-06', 15);
insert into Order_Item (Order_ID, Order_Item_ID, Order_Date, Order_Qty) values (282, 265, '2022-08-07', 30);
insert into Order_Item (Order_ID, Order_Item_ID, Order_Date, Order_Qty) values (162, 266, '2022-10-08', 12);
insert into Order_Item (Order_ID, Order_Item_ID, Order_Date, Order_Qty) values (174, 267, '2022-03-28', 7);
insert into Order_Item (Order_ID, Order_Item_ID, Order_Date, Order_Qty) values (372, 268, '2022-12-20', 4);
insert into Order_Item (Order_ID, Order_Item_ID, Order_Date, Order_Qty) values (180, 269, '2022-02-23', 15);
insert into Order_Item (Order_ID, Order_Item_ID, Order_Date, Order_Qty) values (94, 270, '2022-10-14', 3);
insert into Order_Item (Order_ID, Order_Item_ID, Order_Date, Order_Qty) values (49, 271, '2022-10-25', 14);
insert into Order_Item (Order_ID, Order_Item_ID, Order_Date, Order_Qty) values (326, 272, '2022-04-28', 4);
insert into Order_Item (Order_ID, Order_Item_ID, Order_Date, Order_Qty) values (104, 273, '2022-08-28', 27);
insert into Order_Item (Order_ID, Order_Item_ID, Order_Date, Order_Qty) values (156, 274, '2022-08-07', 6);
insert into Order_Item (Order_ID, Order_Item_ID, Order_Date, Order_Qty) values (297, 275, '2022-12-27', 23);
insert into Order_Item (Order_ID, Order_Item_ID, Order_Date, Order_Qty) values (337, 276, '2022-09-03', 14);
insert into Order_Item (Order_ID, Order_Item_ID, Order_Date, Order_Qty) values (266, 277, '2022-04-24', 10);
insert into Order_Item (Order_ID, Order_Item_ID, Order_Date, Order_Qty) values (212, 278, '2022-04-24', 6);
insert into Order_Item (Order_ID, Order_Item_ID, Order_Date, Order_Qty) values (71, 279, '2022-04-07', 28);
insert into Order_Item (Order_ID, Order_Item_ID, Order_Date, Order_Qty) values (273, 280, '2022-04-25', 17);
insert into Order_Item (Order_ID, Order_Item_ID, Order_Date, Order_Qty) values (300, 281, '2022-04-29', 15);
insert into Order_Item (Order_ID, Order_Item_ID, Order_Date, Order_Qty) values (380, 282, '2022-09-30', 14);
insert into Order_Item (Order_ID, Order_Item_ID, Order_Date, Order_Qty) values (65, 283, '2022-02-27', 26);
insert into Order_Item (Order_ID, Order_Item_ID, Order_Date, Order_Qty) values (109, 284, '2022-05-31', 24);
insert into Order_Item (Order_ID, Order_Item_ID, Order_Date, Order_Qty) values (115, 285, '2022-02-04', 22);
insert into Order_Item (Order_ID, Order_Item_ID, Order_Date, Order_Qty) values (293, 286, '2022-08-28', 1);
insert into Order_Item (Order_ID, Order_Item_ID, Order_Date, Order_Qty) values (138, 287, '2022-01-28', 6);
insert into Order_Item (Order_ID, Order_Item_ID, Order_Date, Order_Qty) values (380, 288, '2022-03-08', 7);
insert into Order_Item (Order_ID, Order_Item_ID, Order_Date, Order_Qty) values (280, 289, '2022-08-19', 11);
insert into Order_Item (Order_ID, Order_Item_ID, Order_Date, Order_Qty) values (328, 290, '2022-05-28', 10);
insert into Order_Item (Order_ID, Order_Item_ID, Order_Date, Order_Qty) values (11, 291, '2022-08-20', 14);
insert into Order_Item (Order_ID, Order_Item_ID, Order_Date, Order_Qty) values (101, 292, '2022-03-29', 30);
insert into Order_Item (Order_ID, Order_Item_ID, Order_Date, Order_Qty) values (87, 293, '2022-12-23', 23);
insert into Order_Item (Order_ID, Order_Item_ID, Order_Date, Order_Qty) values (191, 294, '2022-02-26', 10);
insert into Order_Item (Order_ID, Order_Item_ID, Order_Date, Order_Qty) values (198, 295, '2022-05-04', 13);
insert into Order_Item (Order_ID, Order_Item_ID, Order_Date, Order_Qty) values (24, 296, '2022-04-24', 11);
insert into Order_Item (Order_ID, Order_Item_ID, Order_Date, Order_Qty) values (219, 297, '2022-02-17', 3);
insert into Order_Item (Order_ID, Order_Item_ID, Order_Date, Order_Qty) values (352, 298, '2022-03-03', 9);
insert into Order_Item (Order_ID, Order_Item_ID, Order_Date, Order_Qty) values (218, 299, '2022-07-07', 3);
insert into Order_Item (Order_ID, Order_Item_ID, Order_Date, Order_Qty) values (354, 300, '2022-03-20', 19);
insert into Order_Item (Order_ID, Order_Item_ID, Order_Date, Order_Qty) values (127, 301, '2022-12-03', 15);
insert into Order_Item (Order_ID, Order_Item_ID, Order_Date, Order_Qty) values (75, 302, '2022-05-14', 5);
insert into Order_Item (Order_ID, Order_Item_ID, Order_Date, Order_Qty) values (61, 303, '2022-11-29', 8);
insert into Order_Item (Order_ID, Order_Item_ID, Order_Date, Order_Qty) values (304, 304, '2022-06-05', 28);
insert into Order_Item (Order_ID, Order_Item_ID, Order_Date, Order_Qty) values (267, 305, '2022-04-16', 5);
insert into Order_Item (Order_ID, Order_Item_ID, Order_Date, Order_Qty) values (160, 306, '2022-07-11', 14);
insert into Order_Item (Order_ID, Order_Item_ID, Order_Date, Order_Qty) values (111, 307, '2022-01-04', 19);
insert into Order_Item (Order_ID, Order_Item_ID, Order_Date, Order_Qty) values (160, 308, '2022-06-06', 17);
insert into Order_Item (Order_ID, Order_Item_ID, Order_Date, Order_Qty) values (134, 309, '2022-01-29', 22);
insert into Order_Item (Order_ID, Order_Item_ID, Order_Date, Order_Qty) values (169, 310, '2022-02-12', 25);
insert into Order_Item (Order_ID, Order_Item_ID, Order_Date, Order_Qty) values (122, 311, '2022-11-03', 18);
insert into Order_Item (Order_ID, Order_Item_ID, Order_Date, Order_Qty) values (260, 312, '2022-10-11', 29);
insert into Order_Item (Order_ID, Order_Item_ID, Order_Date, Order_Qty) values (43, 313, '2022-08-20', 13);
insert into Order_Item (Order_ID, Order_Item_ID, Order_Date, Order_Qty) values (140, 314, '2022-03-30', 4);
insert into Order_Item (Order_ID, Order_Item_ID, Order_Date, Order_Qty) values (20, 315, '2022-10-17', 7);
insert into Order_Item (Order_ID, Order_Item_ID, Order_Date, Order_Qty) values (313, 316, '2022-07-23', 13);
insert into Order_Item (Order_ID, Order_Item_ID, Order_Date, Order_Qty) values (281, 317, '2022-12-25', 18);
insert into Order_Item (Order_ID, Order_Item_ID, Order_Date, Order_Qty) values (182, 318, '2022-02-23', 24);
insert into Order_Item (Order_ID, Order_Item_ID, Order_Date, Order_Qty) values (343, 319, '2022-09-14', 19);
insert into Order_Item (Order_ID, Order_Item_ID, Order_Date, Order_Qty) values (153, 320, '2022-02-11', 6);
insert into Order_Item (Order_ID, Order_Item_ID, Order_Date, Order_Qty) values (362, 321, '2022-01-24', 10);
insert into Order_Item (Order_ID, Order_Item_ID, Order_Date, Order_Qty) values (7, 322, '2022-04-28', 24);
insert into Order_Item (Order_ID, Order_Item_ID, Order_Date, Order_Qty) values (396, 323, '2022-11-16', 24);
insert into Order_Item (Order_ID, Order_Item_ID, Order_Date, Order_Qty) values (108, 324, '2022-06-06', 13);
insert into Order_Item (Order_ID, Order_Item_ID, Order_Date, Order_Qty) values (346, 325, '2022-12-08', 18);
insert into Order_Item (Order_ID, Order_Item_ID, Order_Date, Order_Qty) values (395, 326, '2022-01-25', 15);
insert into Order_Item (Order_ID, Order_Item_ID, Order_Date, Order_Qty) values (30, 327, '2022-11-02', 7);
insert into Order_Item (Order_ID, Order_Item_ID, Order_Date, Order_Qty) values (171, 328, '2022-05-25', 30);
insert into Order_Item (Order_ID, Order_Item_ID, Order_Date, Order_Qty) values (186, 329, '2022-11-19', 15);
insert into Order_Item (Order_ID, Order_Item_ID, Order_Date, Order_Qty) values (177, 330, '2022-06-15', 11);
insert into Order_Item (Order_ID, Order_Item_ID, Order_Date, Order_Qty) values (261, 331, '2022-03-19', 28);
insert into Order_Item (Order_ID, Order_Item_ID, Order_Date, Order_Qty) values (324, 332, '2022-04-26', 11);
insert into Order_Item (Order_ID, Order_Item_ID, Order_Date, Order_Qty) values (75, 333, '2022-03-13', 6);
insert into Order_Item (Order_ID, Order_Item_ID, Order_Date, Order_Qty) values (54, 334, '2022-05-13', 25);
insert into Order_Item (Order_ID, Order_Item_ID, Order_Date, Order_Qty) values (293, 335, '2022-01-04', 21);
insert into Order_Item (Order_ID, Order_Item_ID, Order_Date, Order_Qty) values (384, 336, '2022-04-18', 14);
insert into Order_Item (Order_ID, Order_Item_ID, Order_Date, Order_Qty) values (383, 337, '2022-02-15', 6);
insert into Order_Item (Order_ID, Order_Item_ID, Order_Date, Order_Qty) values (257, 338, '2022-05-08', 14);
insert into Order_Item (Order_ID, Order_Item_ID, Order_Date, Order_Qty) values (123, 339, '2022-02-22', 22);
insert into Order_Item (Order_ID, Order_Item_ID, Order_Date, Order_Qty) values (207, 340, '2022-11-09', 25);
insert into Order_Item (Order_ID, Order_Item_ID, Order_Date, Order_Qty) values (381, 341, '2022-10-07', 9);
insert into Order_Item (Order_ID, Order_Item_ID, Order_Date, Order_Qty) values (127, 342, '2022-01-06', 24);
insert into Order_Item (Order_ID, Order_Item_ID, Order_Date, Order_Qty) values (100, 343, '2022-02-14', 26);
insert into Order_Item (Order_ID, Order_Item_ID, Order_Date, Order_Qty) values (2, 344, '2022-07-18', 15);
insert into Order_Item (Order_ID, Order_Item_ID, Order_Date, Order_Qty) values (141, 345, '2022-03-30', 24);
insert into Order_Item (Order_ID, Order_Item_ID, Order_Date, Order_Qty) values (237, 346, '2022-05-08', 16);
insert into Order_Item (Order_ID, Order_Item_ID, Order_Date, Order_Qty) values (324, 347, '2022-05-11', 30);
insert into Order_Item (Order_ID, Order_Item_ID, Order_Date, Order_Qty) values (191, 348, '2022-06-23', 18);
insert into Order_Item (Order_ID, Order_Item_ID, Order_Date, Order_Qty) values (312, 349, '2022-03-30', 16);
insert into Order_Item (Order_ID, Order_Item_ID, Order_Date, Order_Qty) values (15, 350, '2022-08-08', 18);
insert into Order_Item (Order_ID, Order_Item_ID, Order_Date, Order_Qty) values (63, 351, '2022-04-18', 5);
insert into Order_Item (Order_ID, Order_Item_ID, Order_Date, Order_Qty) values (312, 352, '2022-07-06', 18);
insert into Order_Item (Order_ID, Order_Item_ID, Order_Date, Order_Qty) values (121, 353, '2022-12-15', 23);
insert into Order_Item (Order_ID, Order_Item_ID, Order_Date, Order_Qty) values (289, 354, '2022-11-29', 15);
insert into Order_Item (Order_ID, Order_Item_ID, Order_Date, Order_Qty) values (292, 355, '2022-04-05', 23);
insert into Order_Item (Order_ID, Order_Item_ID, Order_Date, Order_Qty) values (391, 356, '2022-09-28', 6);
insert into Order_Item (Order_ID, Order_Item_ID, Order_Date, Order_Qty) values (197, 357, '2022-06-04', 21);
insert into Order_Item (Order_ID, Order_Item_ID, Order_Date, Order_Qty) values (249, 358, '2022-07-14', 23);
insert into Order_Item (Order_ID, Order_Item_ID, Order_Date, Order_Qty) values (337, 359, '2022-04-01', 17);
insert into Order_Item (Order_ID, Order_Item_ID, Order_Date, Order_Qty) values (200, 360, '2022-12-28', 30);
insert into Order_Item (Order_ID, Order_Item_ID, Order_Date, Order_Qty) values (185, 361, '2022-06-27', 5);
insert into Order_Item (Order_ID, Order_Item_ID, Order_Date, Order_Qty) values (167, 362, '2022-12-23', 3);
insert into Order_Item (Order_ID, Order_Item_ID, Order_Date, Order_Qty) values (351, 363, '2022-08-12', 18);
insert into Order_Item (Order_ID, Order_Item_ID, Order_Date, Order_Qty) values (348, 364, '2022-09-16', 2);
insert into Order_Item (Order_ID, Order_Item_ID, Order_Date, Order_Qty) values (94, 365, '2022-12-22', 18);
insert into Order_Item (Order_ID, Order_Item_ID, Order_Date, Order_Qty) values (8, 366, '2022-03-19', 17);
insert into Order_Item (Order_ID, Order_Item_ID, Order_Date, Order_Qty) values (266, 367, '2022-01-29', 7);
insert into Order_Item (Order_ID, Order_Item_ID, Order_Date, Order_Qty) values (25, 368, '2022-07-15', 5);
insert into Order_Item (Order_ID, Order_Item_ID, Order_Date, Order_Qty) values (255, 369, '2022-01-04', 28);
insert into Order_Item (Order_ID, Order_Item_ID, Order_Date, Order_Qty) values (233, 370, '2022-12-29', 20);
insert into Order_Item (Order_ID, Order_Item_ID, Order_Date, Order_Qty) values (20, 371, '2022-03-23', 20);
insert into Order_Item (Order_ID, Order_Item_ID, Order_Date, Order_Qty) values (346, 372, '2022-01-24', 5);
insert into Order_Item (Order_ID, Order_Item_ID, Order_Date, Order_Qty) values (103, 373, '2022-12-05', 19);
insert into Order_Item (Order_ID, Order_Item_ID, Order_Date, Order_Qty) values (263, 374, '2022-08-25', 6);
insert into Order_Item (Order_ID, Order_Item_ID, Order_Date, Order_Qty) values (372, 375, '2022-10-09', 6);
insert into Order_Item (Order_ID, Order_Item_ID, Order_Date, Order_Qty) values (367, 376, '2022-02-17', 25);
insert into Order_Item (Order_ID, Order_Item_ID, Order_Date, Order_Qty) values (92, 377, '2022-05-03', 25);
insert into Order_Item (Order_ID, Order_Item_ID, Order_Date, Order_Qty) values (145, 378, '2022-03-12', 24);
insert into Order_Item (Order_ID, Order_Item_ID, Order_Date, Order_Qty) values (45, 379, '2022-01-16', 3);
insert into Order_Item (Order_ID, Order_Item_ID, Order_Date, Order_Qty) values (363, 380, '2022-09-16', 18);
insert into Order_Item (Order_ID, Order_Item_ID, Order_Date, Order_Qty) values (270, 381, '2022-03-12', 30);
insert into Order_Item (Order_ID, Order_Item_ID, Order_Date, Order_Qty) values (366, 382, '2022-10-20', 16);
insert into Order_Item (Order_ID, Order_Item_ID, Order_Date, Order_Qty) values (91, 383, '2022-09-03', 6);
insert into Order_Item (Order_ID, Order_Item_ID, Order_Date, Order_Qty) values (340, 384, '2022-02-23', 17);
insert into Order_Item (Order_ID, Order_Item_ID, Order_Date, Order_Qty) values (94, 385, '2022-01-27', 12);
insert into Order_Item (Order_ID, Order_Item_ID, Order_Date, Order_Qty) values (387, 386, '2022-11-26', 19);
insert into Order_Item (Order_ID, Order_Item_ID, Order_Date, Order_Qty) values (175, 387, '2022-10-17', 27);
insert into Order_Item (Order_ID, Order_Item_ID, Order_Date, Order_Qty) values (230, 388, '2022-07-13', 10);
insert into Order_Item (Order_ID, Order_Item_ID, Order_Date, Order_Qty) values (230, 389, '2022-08-21', 3);
insert into Order_Item (Order_ID, Order_Item_ID, Order_Date, Order_Qty) values (201, 390, '2022-08-30', 20);
insert into Order_Item (Order_ID, Order_Item_ID, Order_Date, Order_Qty) values (330, 391, '2022-12-17', 9);
insert into Order_Item (Order_ID, Order_Item_ID, Order_Date, Order_Qty) values (78, 392, '2022-02-04', 3);
insert into Order_Item (Order_ID, Order_Item_ID, Order_Date, Order_Qty) values (294, 393, '2022-10-16', 18);
insert into Order_Item (Order_ID, Order_Item_ID, Order_Date, Order_Qty) values (308, 394, '2022-07-10', 9);
insert into Order_Item (Order_ID, Order_Item_ID, Order_Date, Order_Qty) values (238, 395, '2022-12-26', 28);
insert into Order_Item (Order_ID, Order_Item_ID, Order_Date, Order_Qty) values (33, 396, '2022-07-06', 6);
insert into Order_Item (Order_ID, Order_Item_ID, Order_Date, Order_Qty) values (1, 397, '2022-07-31', 6);
insert into Order_Item (Order_ID, Order_Item_ID, Order_Date, Order_Qty) values (146, 398, '2022-03-25', 26);
insert into Order_Item (Order_ID, Order_Item_ID, Order_Date, Order_Qty) values (375, 399, '2022-06-17', 15);
insert into Order_Item (Order_ID, Order_Item_ID, Order_Date, Order_Qty) values (397, 400, '2022-01-23', 19);

SELECT * FROM Order_Item;

USE FashionRetailStore;
insert into Product (Order_Item_ID, Product_ID, Prod_Name) values (248, 1, 'linen shorts');
insert into Product (Order_Item_ID, Product_ID, Prod_Name) values (72, 2, 'faux fur coat');
insert into Product (Order_Item_ID, Product_ID, Prod_Name) values (38, 3, 'fleece joggers');
insert into Product (Order_Item_ID, Product_ID, Prod_Name) values (270, 4, 'silk scarf');
insert into Product (Order_Item_ID, Product_ID, Prod_Name) values (316, 5, 'leather pants');
insert into Product (Order_Item_ID, Product_ID, Prod_Name) values (240, 6, 'leather jacket');
insert into Product (Order_Item_ID, Product_ID, Prod_Name) values (317, 7, 'shearling jacket');
insert into Product (Order_Item_ID, Product_ID, Prod_Name) values (130, 8, 'puffer jacket');
insert into Product (Order_Item_ID, Product_ID, Prod_Name) values (203, 9, 'midi skirt');
insert into Product (Order_Item_ID, Product_ID, Prod_Name) values (155, 10, 'cargo mini skirt');
insert into Product (Order_Item_ID, Product_ID, Prod_Name) values (60, 11, 'checked trousers');
insert into Product (Order_Item_ID, Product_ID, Prod_Name) values (202, 12, 'over-the-knee socks');
insert into Product (Order_Item_ID, Product_ID, Prod_Name) values (173, 13, 'houndstooth coat');
insert into Product (Order_Item_ID, Product_ID, Prod_Name) values (305, 14, 'wrap coat');
insert into Product (Order_Item_ID, Product_ID, Prod_Name) values (247, 15, 'cotton t-shirt');
insert into Product (Order_Item_ID, Product_ID, Prod_Name) values (203, 16, 'button-front skirt');
insert into Product (Order_Item_ID, Product_ID, Prod_Name) values (95, 17, 'shirt dress');
insert into Product (Order_Item_ID, Product_ID, Prod_Name) values (152, 18, 'cropped trousers');
insert into Product (Order_Item_ID, Product_ID, Prod_Name) values (69, 19, 'faux fur coat');
insert into Product (Order_Item_ID, Product_ID, Prod_Name) values (114, 20, 'oversized blazer');
insert into Product (Order_Item_ID, Product_ID, Prod_Name) values (186, 21, 'oversized t-shirt');
insert into Product (Order_Item_ID, Product_ID, Prod_Name) values (157, 22, 'embroidered blouse');
insert into Product (Order_Item_ID, Product_ID, Prod_Name) values (272, 23, 'touchscreen gloves');
insert into Product (Order_Item_ID, Product_ID, Prod_Name) values (124, 24, 'halter top');
insert into Product (Order_Item_ID, Product_ID, Prod_Name) values (104, 25, 'beanie hat');
insert into Product (Order_Item_ID, Product_ID, Prod_Name) values (274, 26, 'tweed blazer');
insert into Product (Order_Item_ID, Product_ID, Prod_Name) values (169, 27, 'sleeveless dress');
insert into Product (Order_Item_ID, Product_ID, Prod_Name) values (238, 28, 'wool pea coat');
insert into Product (Order_Item_ID, Product_ID, Prod_Name) values (160, 29, 'leather jacket');
insert into Product (Order_Item_ID, Product_ID, Prod_Name) values (140, 30, 'maxi dress');
insert into Product (Order_Item_ID, Product_ID, Prod_Name) values (112, 31, 'wide-leg pants');
insert into Product (Order_Item_ID, Product_ID, Prod_Name) values (31, 32, 'wool pea coat');
insert into Product (Order_Item_ID, Product_ID, Prod_Name) values (5, 33, 'high-waisted shorts');
insert into Product (Order_Item_ID, Product_ID, Prod_Name) values (83, 34, 'corduroy pants');
insert into Product (Order_Item_ID, Product_ID, Prod_Name) values (200, 35, 'ankle socks');
insert into Product (Order_Item_ID, Product_ID, Prod_Name) values (42, 36, 'high-waisted pencil skirt');
insert into Product (Order_Item_ID, Product_ID, Prod_Name) values (237, 37, 'oversized blazer');
insert into Product (Order_Item_ID, Product_ID, Prod_Name) values (52, 38, 'padded jacket');
insert into Product (Order_Item_ID, Product_ID, Prod_Name) values (382, 39, 'platform sneakers');
insert into Product (Order_Item_ID, Product_ID, Prod_Name) values (59, 40, 'corduroy jacket');
insert into Product (Order_Item_ID, Product_ID, Prod_Name) values (213, 41, 'satin blouse');
insert into Product (Order_Item_ID, Product_ID, Prod_Name) values (257, 42, 'cropped blazer');
insert into Product (Order_Item_ID, Product_ID, Prod_Name) values (247, 43, 'strapless evening gown');
insert into Product (Order_Item_ID, Product_ID, Prod_Name) values (63, 44, 'batwing sweater');
insert into Product (Order_Item_ID, Product_ID, Prod_Name) values (307, 45, 'v-neck sweater');
insert into Product (Order_Item_ID, Product_ID, Prod_Name) values (7, 46, 'chunky knit scarf');
insert into Product (Order_Item_ID, Product_ID, Prod_Name) values (83, 47, 'a-line skirt');
insert into Product (Order_Item_ID, Product_ID, Prod_Name) values (280, 48, 'canvas sneakers');
insert into Product (Order_Item_ID, Product_ID, Prod_Name) values (19, 49, 'denim skirt');
insert into Product (Order_Item_ID, Product_ID, Prod_Name) values (400, 50, 'quilted vest');
insert into Product (Order_Item_ID, Product_ID, Prod_Name) values (360, 51, 'chino pants');
insert into Product (Order_Item_ID, Product_ID, Prod_Name) values (26, 52, 'tweed blazer');
insert into Product (Order_Item_ID, Product_ID, Prod_Name) values (218, 53, 'cargo mini skirt');
insert into Product (Order_Item_ID, Product_ID, Prod_Name) values (371, 54, 'leather jacket');
insert into Product (Order_Item_ID, Product_ID, Prod_Name) values (350, 55, 'oversized blazer');
insert into Product (Order_Item_ID, Product_ID, Prod_Name) values (154, 56, 'robe coat');
insert into Product (Order_Item_ID, Product_ID, Prod_Name) values (119, 57, 'fleece joggers');
insert into Product (Order_Item_ID, Product_ID, Prod_Name) values (44, 58, 'plaid blazer');
insert into Product (Order_Item_ID, Product_ID, Prod_Name) values (44, 59, 'athletic leggings');
insert into Product (Order_Item_ID, Product_ID, Prod_Name) values (280, 60, 'pleated skirt');
insert into Product (Order_Item_ID, Product_ID, Prod_Name) values (129, 61, 'boiler suit');
insert into Product (Order_Item_ID, Product_ID, Prod_Name) values (125, 62, 'puff-sleeve blouse');
insert into Product (Order_Item_ID, Product_ID, Prod_Name) values (257, 63, 'tailored vest');
insert into Product (Order_Item_ID, Product_ID, Prod_Name) values (81, 64, 'wrap dress');
insert into Product (Order_Item_ID, Product_ID, Prod_Name) values (289, 65, 'knit midi skirt');
insert into Product (Order_Item_ID, Product_ID, Prod_Name) values (349, 66, 'fleece sweatshirt');
insert into Product (Order_Item_ID, Product_ID, Prod_Name) values (21, 67, 'mesh top');
insert into Product (Order_Item_ID, Product_ID, Prod_Name) values (47, 68, 'button-up blouse');
insert into Product (Order_Item_ID, Product_ID, Prod_Name) values (51, 69, 'straight-leg jeans');
insert into Product (Order_Item_ID, Product_ID, Prod_Name) values (141, 70, 'tapered jeans');
insert into Product (Order_Item_ID, Product_ID, Prod_Name) values (54, 71, 'puffer jacket');
insert into Product (Order_Item_ID, Product_ID, Prod_Name) values (383, 72, 'fedora hat');
insert into Product (Order_Item_ID, Product_ID, Prod_Name) values (36, 73, 'flannel shirt');
insert into Product (Order_Item_ID, Product_ID, Prod_Name) values (189, 74, 'chelsea boots');
insert into Product (Order_Item_ID, Product_ID, Prod_Name) values (20, 75, 'satin wrap dress');
insert into Product (Order_Item_ID, Product_ID, Prod_Name) values (303, 76, 'cotton pajama set');
insert into Product (Order_Item_ID, Product_ID, Prod_Name) values (50, 77, 'baseball cap');
insert into Product (Order_Item_ID, Product_ID, Prod_Name) values (163, 78, 'houndstooth coat');
insert into Product (Order_Item_ID, Product_ID, Prod_Name) values (303, 79, 'button-front skirt');
insert into Product (Order_Item_ID, Product_ID, Prod_Name) values (140, 80, 'block heels');
insert into Product (Order_Item_ID, Product_ID, Prod_Name) values (400, 81, 'bodycon dress');
insert into Product (Order_Item_ID, Product_ID, Prod_Name) values (166, 82, 'chunky knit pullover');
insert into Product (Order_Item_ID, Product_ID, Prod_Name) values (179, 83, 'tailored trousers');
insert into Product (Order_Item_ID, Product_ID, Prod_Name) values (219, 84, 'fleece joggers');
insert into Product (Order_Item_ID, Product_ID, Prod_Name) values (149, 85, 'oversized trench coat');
insert into Product (Order_Item_ID, Product_ID, Prod_Name) values (111, 86, 'over-the-knee socks');
insert into Product (Order_Item_ID, Product_ID, Prod_Name) values (201, 87, 'quilted vest');
insert into Product (Order_Item_ID, Product_ID, Prod_Name) values (282, 88, 'espadrille sandals');
insert into Product (Order_Item_ID, Product_ID, Prod_Name) values (70, 89, 'turtleneck sweater');
insert into Product (Order_Item_ID, Product_ID, Prod_Name) values (37, 90, 'lace top');
insert into Product (Order_Item_ID, Product_ID, Prod_Name) values (44, 91, 'leather jacket');
insert into Product (Order_Item_ID, Product_ID, Prod_Name) values (13, 92, 'denim skirt');
insert into Product (Order_Item_ID, Product_ID, Prod_Name) values (351, 93, 'mock neck top');
insert into Product (Order_Item_ID, Product_ID, Prod_Name) values (362, 94, 'high-waisted pencil skirt');
insert into Product (Order_Item_ID, Product_ID, Prod_Name) values (252, 95, 'boiler suit');
insert into Product (Order_Item_ID, Product_ID, Prod_Name) values (48, 96, 'ruffle mini dress');
insert into Product (Order_Item_ID, Product_ID, Prod_Name) values (92, 97, 'stretch chinos');
insert into Product (Order_Item_ID, Product_ID, Prod_Name) values (358, 98, 'silk pajama set');
insert into Product (Order_Item_ID, Product_ID, Prod_Name) values (36, 99, 'cropped trousers');
insert into Product (Order_Item_ID, Product_ID, Prod_Name) values (368, 100, 'mock neck blouse');
insert into Product (Order_Item_ID, Product_ID, Prod_Name) values (49, 101, 'straight-leg jeans');
insert into Product (Order_Item_ID, Product_ID, Prod_Name) values (171, 102, 'cashmere sweater');
insert into Product (Order_Item_ID, Product_ID, Prod_Name) values (311, 103, 'trench coat');
insert into Product (Order_Item_ID, Product_ID, Prod_Name) values (378, 104, 'wrap dress');
insert into Product (Order_Item_ID, Product_ID, Prod_Name) values (201, 105, 'cable-knit sweater');
insert into Product (Order_Item_ID, Product_ID, Prod_Name) values (114, 106, 'leather pants');
insert into Product (Order_Item_ID, Product_ID, Prod_Name) values (21, 107, 'wrap midi skirt');
insert into Product (Order_Item_ID, Product_ID, Prod_Name) values (196, 108, 'fleece-lined gloves');
insert into Product (Order_Item_ID, Product_ID, Prod_Name) values (173, 109, 'pencil skirt');
insert into Product (Order_Item_ID, Product_ID, Prod_Name) values (68, 110, 'baseball cap');
insert into Product (Order_Item_ID, Product_ID, Prod_Name) values (19, 111, 'chelsea boots');
insert into Product (Order_Item_ID, Product_ID, Prod_Name) values (32, 112, 'baseball cap');
insert into Product (Order_Item_ID, Product_ID, Prod_Name) values (392, 113, 'straight-leg jeans');
insert into Product (Order_Item_ID, Product_ID, Prod_Name) values (378, 114, 'gladiator sandals');
insert into Product (Order_Item_ID, Product_ID, Prod_Name) values (380, 115, 'tapered jeans');
insert into Product (Order_Item_ID, Product_ID, Prod_Name) values (195, 116, 'padded vest');
insert into Product (Order_Item_ID, Product_ID, Prod_Name) values (21, 117, 'lace top');
insert into Product (Order_Item_ID, Product_ID, Prod_Name) values (1, 118, 'denim jacket');
insert into Product (Order_Item_ID, Product_ID, Prod_Name) values (87, 119, 'fringe cardigan');
insert into Product (Order_Item_ID, Product_ID, Prod_Name) values (210, 120, 'slip-on sandals');
insert into Product (Order_Item_ID, Product_ID, Prod_Name) values (27, 121, 'graphic hoodie');
insert into Product (Order_Item_ID, Product_ID, Prod_Name) values (336, 122, 'leather gloves');
insert into Product (Order_Item_ID, Product_ID, Prod_Name) values (134, 123, 'canvas sneakers');
insert into Product (Order_Item_ID, Product_ID, Prod_Name) values (82, 124, 'leather wrap skirt');
insert into Product (Order_Item_ID, Product_ID, Prod_Name) values (44, 125, 'puff-sleeve sweater');
insert into Product (Order_Item_ID, Product_ID, Prod_Name) values (93, 126, 'strapless evening gown');
insert into Product (Order_Item_ID, Product_ID, Prod_Name) values (175, 127, 'tapered chinos');
insert into Product (Order_Item_ID, Product_ID, Prod_Name) values (22, 128, 'over-the-knee socks');
insert into Product (Order_Item_ID, Product_ID, Prod_Name) values (141, 129, 'cropped overalls');
insert into Product (Order_Item_ID, Product_ID, Prod_Name) values (151, 130, 'fedora hat');
insert into Product (Order_Item_ID, Product_ID, Prod_Name) values (300, 131, 'cotton t-shirt');
insert into Product (Order_Item_ID, Product_ID, Prod_Name) values (195, 132, 'distressed jeans');
insert into Product (Order_Item_ID, Product_ID, Prod_Name) values (41, 133, 'knit midi skirt');
insert into Product (Order_Item_ID, Product_ID, Prod_Name) values (179, 134, 'maxi coat');
insert into Product (Order_Item_ID, Product_ID, Prod_Name) values (9, 135, 'chino pants');
insert into Product (Order_Item_ID, Product_ID, Prod_Name) values (103, 136, 'peacoat');
insert into Product (Order_Item_ID, Product_ID, Prod_Name) values (381, 137, 'ankle socks');
insert into Product (Order_Item_ID, Product_ID, Prod_Name) values (298, 138, 'cropped wool coat');
insert into Product (Order_Item_ID, Product_ID, Prod_Name) values (227, 139, 'pleated skirt');
insert into Product (Order_Item_ID, Product_ID, Prod_Name) values (264, 140, 'cashmere sweater');
insert into Product (Order_Item_ID, Product_ID, Prod_Name) values (370, 141, 'cropped overalls');
insert into Product (Order_Item_ID, Product_ID, Prod_Name) values (31, 142, 'athletic leggings');
insert into Product (Order_Item_ID, Product_ID, Prod_Name) values (274, 143, 'rain boots');
insert into Product (Order_Item_ID, Product_ID, Prod_Name) values (393, 144, 'halter evening gown');
insert into Product (Order_Item_ID, Product_ID, Prod_Name) values (229, 145, 'boyfriend jeans');
insert into Product (Order_Item_ID, Product_ID, Prod_Name) values (182, 146, 'chunky knit scarf');
insert into Product (Order_Item_ID, Product_ID, Prod_Name) values (148, 147, 'striped sweater');
insert into Product (Order_Item_ID, Product_ID, Prod_Name) values (58, 148, 'chunky knit sweater');
insert into Product (Order_Item_ID, Product_ID, Prod_Name) values (119, 149, 'wool trousers');
insert into Product (Order_Item_ID, Product_ID, Prod_Name) values (280, 150, 'padded jacket');
insert into Product (Order_Item_ID, Product_ID, Prod_Name) values (220, 151, 'knit vest');
insert into Product (Order_Item_ID, Product_ID, Prod_Name) values (278, 152, 'espadrille sandals');
insert into Product (Order_Item_ID, Product_ID, Prod_Name) values (162, 153, 'peacoat');
insert into Product (Order_Item_ID, Product_ID, Prod_Name) values (354, 154, 'wool trousers');
insert into Product (Order_Item_ID, Product_ID, Prod_Name) values (37, 155, 'satin blouse');
insert into Product (Order_Item_ID, Product_ID, Prod_Name) values (337, 156, 'fleece-lined hoodie');
insert into Product (Order_Item_ID, Product_ID, Prod_Name) values (327, 157, 'leather gloves');
insert into Product (Order_Item_ID, Product_ID, Prod_Name) values (233, 158, 'leather pants');
insert into Product (Order_Item_ID, Product_ID, Prod_Name) values (150, 159, 'touchscreen gloves');
insert into Product (Order_Item_ID, Product_ID, Prod_Name) values (341, 160, 'fleece-lined hoodie');
insert into Product (Order_Item_ID, Product_ID, Prod_Name) values (285, 161, 'shirt dress');
insert into Product (Order_Item_ID, Product_ID, Prod_Name) values (16, 162, 'jogger pants');
insert into Product (Order_Item_ID, Product_ID, Prod_Name) values (86, 163, 'zip-up hoodie');
insert into Product (Order_Item_ID, Product_ID, Prod_Name) values (360, 164, 'frill-collar shirt');
insert into Product (Order_Item_ID, Product_ID, Prod_Name) values (282, 165, 'satin blouse');
insert into Product (Order_Item_ID, Product_ID, Prod_Name) values (213, 166, 'leather pants');
insert into Product (Order_Item_ID, Product_ID, Prod_Name) values (303, 167, 'cotton pajama set');
insert into Product (Order_Item_ID, Product_ID, Prod_Name) values (204, 168, 'a-line skirt');
insert into Product (Order_Item_ID, Product_ID, Prod_Name) values (395, 169, 'velvet evening dress');
insert into Product (Order_Item_ID, Product_ID, Prod_Name) values (193, 170, 'lace top');
insert into Product (Order_Item_ID, Product_ID, Prod_Name) values (331, 171, 'cropped trousers');
insert into Product (Order_Item_ID, Product_ID, Prod_Name) values (381, 172, 'cropped top');
insert into Product (Order_Item_ID, Product_ID, Prod_Name) values (335, 173, 'knit vest');
insert into Product (Order_Item_ID, Product_ID, Prod_Name) values (8, 174, 'puff-sleeve sweater');
insert into Product (Order_Item_ID, Product_ID, Prod_Name) values (168, 175, 'tailored trousers');
insert into Product (Order_Item_ID, Product_ID, Prod_Name) values (394, 176, 'boyfriend jeans');
insert into Product (Order_Item_ID, Product_ID, Prod_Name) values (128, 177, 'high-waisted pencil skirt');
insert into Product (Order_Item_ID, Product_ID, Prod_Name) values (342, 178, 'checked trousers');
insert into Product (Order_Item_ID, Product_ID, Prod_Name) values (377, 179, 'fleece-lined hoodie');
insert into Product (Order_Item_ID, Product_ID, Prod_Name) values (384, 180, 'fur-lined slippers');
insert into Product (Order_Item_ID, Product_ID, Prod_Name) values (120, 181, 'checked trousers');
insert into Product (Order_Item_ID, Product_ID, Prod_Name) values (80, 182, 'boyfriend jeans');
insert into Product (Order_Item_ID, Product_ID, Prod_Name) values (369, 183, 'tapered chinos');
insert into Product (Order_Item_ID, Product_ID, Prod_Name) values (201, 184, 'graphic t-shirt');
insert into Product (Order_Item_ID, Product_ID, Prod_Name) values (126, 185, 'zip-up hoodie');
insert into Product (Order_Item_ID, Product_ID, Prod_Name) values (90, 186, 'satin wrap dress');
insert into Product (Order_Item_ID, Product_ID, Prod_Name) values (133, 187, 'chunky knit pullover');
insert into Product (Order_Item_ID, Product_ID, Prod_Name) values (398, 188, 'tailored vest');
insert into Product (Order_Item_ID, Product_ID, Prod_Name) values (323, 189, 'silk scarf');
insert into Product (Order_Item_ID, Product_ID, Prod_Name) values (371, 190, 'knit midi skirt');
insert into Product (Order_Item_ID, Product_ID, Prod_Name) values (240, 191, 'wool coat');
insert into Product (Order_Item_ID, Product_ID, Prod_Name) values (143, 192, 'puff-sleeve blouse');
insert into Product (Order_Item_ID, Product_ID, Prod_Name) values (387, 193, 'fleece jacket');
insert into Product (Order_Item_ID, Product_ID, Prod_Name) values (282, 194, 'linen shorts');
insert into Product (Order_Item_ID, Product_ID, Prod_Name) values (239, 195, 'crochet sweater');
insert into Product (Order_Item_ID, Product_ID, Prod_Name) values (309, 196, 'tank dress');
insert into Product (Order_Item_ID, Product_ID, Prod_Name) values (17, 197, 'wool coat');
insert into Product (Order_Item_ID, Product_ID, Prod_Name) values (32, 198, 'stretch-knit dress');
insert into Product (Order_Item_ID, Product_ID, Prod_Name) values (348, 199, 'corduroy jacket');
insert into Product (Order_Item_ID, Product_ID, Prod_Name) values (204, 200, 'leather jacket');

SELECT * FROM Product;

USE FashionRetailStore;
insert into Prod_Details (Product_ID, Details_ID, Prod_Qty, Prod_Description, Prod_Category, Prod_Price) values (14, 1, 31, 'Brown', 'Shorts', 15.72);
insert into Prod_Details (Product_ID, Details_ID, Prod_Qty, Prod_Description, Prod_Category, Prod_Price) values (42, 2, 67, 'Navy', 'Jackets', 66.75);
insert into Prod_Details (Product_ID, Details_ID, Prod_Qty, Prod_Description, Prod_Category, Prod_Price) values (127, 3, 42, 'Beige', 'Trousers', 63.5);
insert into Prod_Details (Product_ID, Details_ID, Prod_Qty, Prod_Description, Prod_Category, Prod_Price) values (66, 4, 80, 'Yellow', 'Accessories', 64.76);
insert into Prod_Details (Product_ID, Details_ID, Prod_Qty, Prod_Description, Prod_Category, Prod_Price) values (112, 5, 49, 'Gold', 'Trousers', 24.36);
insert into Prod_Details (Product_ID, Details_ID, Prod_Qty, Prod_Description, Prod_Category, Prod_Price) values (143, 6, 31, 'Red', 'Jackets', 52.7);
insert into Prod_Details (Product_ID, Details_ID, Prod_Qty, Prod_Description, Prod_Category, Prod_Price) values (10, 7, 44, 'Beige', 'Jackets', 54.42);
insert into Prod_Details (Product_ID, Details_ID, Prod_Qty, Prod_Description, Prod_Category, Prod_Price) values (51, 8, 46, 'Orange', 'Jackets', 64.5);
insert into Prod_Details (Product_ID, Details_ID, Prod_Qty, Prod_Description, Prod_Category, Prod_Price) values (157, 9, 85, 'Navy', 'Skirts', 19.72);
insert into Prod_Details (Product_ID, Details_ID, Prod_Qty, Prod_Description, Prod_Category, Prod_Price) values (132, 10, 12, 'Beige', 'Skirts', 62.7);
insert into Prod_Details (Product_ID, Details_ID, Prod_Qty, Prod_Description, Prod_Category, Prod_Price) values (14, 11, 31, 'Brown', 'Shorts', 15.72);
insert into Prod_Details (Product_ID, Details_ID, Prod_Qty, Prod_Description, Prod_Category, Prod_Price) values (42, 12, 67, 'Navy', 'Jackets', 66.75);
insert into Prod_Details (Product_ID, Details_ID, Prod_Qty, Prod_Description, Prod_Category, Prod_Price) values (127, 13, 42, 'Beige', 'Trousers', 63.5);
insert into Prod_Details (Product_ID, Details_ID, Prod_Qty, Prod_Description, Prod_Category, Prod_Price) values (66, 14, 80, 'Yellow', 'Accessories', 64.76);
insert into Prod_Details (Product_ID, Details_ID, Prod_Qty, Prod_Description, Prod_Category, Prod_Price) values (112, 15, 49, 'Gold', 'Trousers', 24.36);
insert into Prod_Details (Product_ID, Details_ID, Prod_Qty, Prod_Description, Prod_Category, Prod_Price) values (143, 16, 31, 'Red', 'Jackets', 52.7);
insert into Prod_Details (Product_ID, Details_ID, Prod_Qty, Prod_Description, Prod_Category, Prod_Price) values (10, 17, 44, 'Beige', 'Jackets', 54.42);
insert into Prod_Details (Product_ID, Details_ID, Prod_Qty, Prod_Description, Prod_Category, Prod_Price) values (51, 18, 46, 'Orange', 'Jackets', 64.5);
insert into Prod_Details (Product_ID, Details_ID, Prod_Qty, Prod_Description, Prod_Category, Prod_Price) values (157, 19, 85, 'Navy', 'Skirts', 19.72);
insert into Prod_Details (Product_ID, Details_ID, Prod_Qty, Prod_Description, Prod_Category, Prod_Price) values (132, 20, 12, 'Beige', 'Skirts', 62.7);
insert into Prod_Details (Product_ID, Details_ID, Prod_Qty, Prod_Description, Prod_Category, Prod_Price) values (14, 21, 31, 'Brown', 'Shorts', 15.72);
insert into Prod_Details (Product_ID, Details_ID, Prod_Qty, Prod_Description, Prod_Category, Prod_Price) values (42, 22, 67, 'Navy', 'Jackets', 66.75);
insert into Prod_Details (Product_ID, Details_ID, Prod_Qty, Prod_Description, Prod_Category, Prod_Price) values (127, 23, 42, 'Beige', 'Trousers', 63.5);
insert into Prod_Details (Product_ID, Details_ID, Prod_Qty, Prod_Description, Prod_Category, Prod_Price) values (66, 24, 80, 'Yellow', 'Accessories', 64.76);
insert into Prod_Details (Product_ID, Details_ID, Prod_Qty, Prod_Description, Prod_Category, Prod_Price) values (112, 25, 49, 'Gold', 'Trousers', 24.36);
insert into Prod_Details (Product_ID, Details_ID, Prod_Qty, Prod_Description, Prod_Category, Prod_Price) values (143, 26, 31, 'Red', 'Jackets', 52.7);
insert into Prod_Details (Product_ID, Details_ID, Prod_Qty, Prod_Description, Prod_Category, Prod_Price) values (10, 27, 44, 'Beige', 'Jackets', 54.42);
insert into Prod_Details (Product_ID, Details_ID, Prod_Qty, Prod_Description, Prod_Category, Prod_Price) values (51, 28, 46, 'Orange', 'Jackets', 64.5);
insert into Prod_Details (Product_ID, Details_ID, Prod_Qty, Prod_Description, Prod_Category, Prod_Price) values (157, 29, 85, 'Navy', 'Skirts', 19.72);
insert into Prod_Details (Product_ID, Details_ID, Prod_Qty, Prod_Description, Prod_Category, Prod_Price) values (132, 30, 12, 'Beige', 'Skirts', 62.7);
insert into Prod_Details (Product_ID, Details_ID, Prod_Qty, Prod_Description, Prod_Category, Prod_Price) values (14, 31, 31, 'Brown', 'Shorts', 15.72);
insert into Prod_Details (Product_ID, Details_ID, Prod_Qty, Prod_Description, Prod_Category, Prod_Price) values (42, 32, 67, 'Navy', 'Jackets', 66.75);
insert into Prod_Details (Product_ID, Details_ID, Prod_Qty, Prod_Description, Prod_Category, Prod_Price) values (127, 33, 42, 'Beige', 'Trousers', 63.5);
insert into Prod_Details (Product_ID, Details_ID, Prod_Qty, Prod_Description, Prod_Category, Prod_Price) values (66, 34, 80, 'Yellow', 'Accessories', 64.76);
insert into Prod_Details (Product_ID, Details_ID, Prod_Qty, Prod_Description, Prod_Category, Prod_Price) values (112, 35, 49, 'Gold', 'Trousers', 24.36);
insert into Prod_Details (Product_ID, Details_ID, Prod_Qty, Prod_Description, Prod_Category, Prod_Price) values (143, 36, 31, 'Red', 'Jackets', 52.7);
insert into Prod_Details (Product_ID, Details_ID, Prod_Qty, Prod_Description, Prod_Category, Prod_Price) values (10, 37, 44, 'Beige', 'Jackets', 54.42);
insert into Prod_Details (Product_ID, Details_ID, Prod_Qty, Prod_Description, Prod_Category, Prod_Price) values (51, 38, 46, 'Orange', 'Jackets', 64.5);
insert into Prod_Details (Product_ID, Details_ID, Prod_Qty, Prod_Description, Prod_Category, Prod_Price) values (157, 39, 85, 'Navy', 'Skirts', 19.72);
insert into Prod_Details (Product_ID, Details_ID, Prod_Qty, Prod_Description, Prod_Category, Prod_Price) values (132, 40, 12, 'Beige', 'Skirts', 62.7);
insert into Prod_Details (Product_ID, Details_ID, Prod_Qty, Prod_Description, Prod_Category, Prod_Price) values (14, 41, 31, 'Brown', 'Shorts', 15.72);
insert into Prod_Details (Product_ID, Details_ID, Prod_Qty, Prod_Description, Prod_Category, Prod_Price) values (42, 42, 67, 'Navy', 'Jackets', 66.75);
insert into Prod_Details (Product_ID, Details_ID, Prod_Qty, Prod_Description, Prod_Category, Prod_Price) values (127, 43, 42, 'Beige', 'Trousers', 63.5);
insert into Prod_Details (Product_ID, Details_ID, Prod_Qty, Prod_Description, Prod_Category, Prod_Price) values (66, 44, 80, 'Yellow', 'Accessories', 64.76);
insert into Prod_Details (Product_ID, Details_ID, Prod_Qty, Prod_Description, Prod_Category, Prod_Price) values (112, 45, 49, 'Gold', 'Trousers', 24.36);
insert into Prod_Details (Product_ID, Details_ID, Prod_Qty, Prod_Description, Prod_Category, Prod_Price) values (143, 46, 31, 'Red', 'Jackets', 52.7);
insert into Prod_Details (Product_ID, Details_ID, Prod_Qty, Prod_Description, Prod_Category, Prod_Price) values (10, 47, 44, 'Beige', 'Jackets', 54.42);
insert into Prod_Details (Product_ID, Details_ID, Prod_Qty, Prod_Description, Prod_Category, Prod_Price) values (51, 48, 46, 'Orange', 'Jackets', 64.5);
insert into Prod_Details (Product_ID, Details_ID, Prod_Qty, Prod_Description, Prod_Category, Prod_Price) values (157, 49, 85, 'Navy', 'Skirts', 19.72);
insert into Prod_Details (Product_ID, Details_ID, Prod_Qty, Prod_Description, Prod_Category, Prod_Price) values (132, 50, 12, 'Beige', 'Skirts', 62.7);
insert into Prod_Details (Product_ID, Details_ID, Prod_Qty, Prod_Description, Prod_Category, Prod_Price) values (14, 51, 31, 'Brown', 'Shorts', 15.72);
insert into Prod_Details (Product_ID, Details_ID, Prod_Qty, Prod_Description, Prod_Category, Prod_Price) values (42, 52, 67, 'Navy', 'Jackets', 66.75);
insert into Prod_Details (Product_ID, Details_ID, Prod_Qty, Prod_Description, Prod_Category, Prod_Price) values (127, 53, 42, 'Beige', 'Trousers', 63.5);
insert into Prod_Details (Product_ID, Details_ID, Prod_Qty, Prod_Description, Prod_Category, Prod_Price) values (66, 54, 80, 'Yellow', 'Accessories', 64.76);
insert into Prod_Details (Product_ID, Details_ID, Prod_Qty, Prod_Description, Prod_Category, Prod_Price) values (112, 55, 49, 'Gold', 'Trousers', 24.36);
insert into Prod_Details (Product_ID, Details_ID, Prod_Qty, Prod_Description, Prod_Category, Prod_Price) values (143, 56, 31, 'Red', 'Jackets', 52.7);
insert into Prod_Details (Product_ID, Details_ID, Prod_Qty, Prod_Description, Prod_Category, Prod_Price) values (10, 57, 44, 'Beige', 'Jackets', 54.42);
insert into Prod_Details (Product_ID, Details_ID, Prod_Qty, Prod_Description, Prod_Category, Prod_Price) values (51, 58, 46, 'Orange', 'Jackets', 64.5);
insert into Prod_Details (Product_ID, Details_ID, Prod_Qty, Prod_Description, Prod_Category, Prod_Price) values (157, 59, 85, 'Navy', 'Skirts', 19.72);
insert into Prod_Details (Product_ID, Details_ID, Prod_Qty, Prod_Description, Prod_Category, Prod_Price) values (132, 60, 12, 'Beige', 'Skirts', 62.7);
insert into Prod_Details (Product_ID, Details_ID, Prod_Qty, Prod_Description, Prod_Category, Prod_Price) values (14, 61, 31, 'Brown', 'Shorts', 15.72);
insert into Prod_Details (Product_ID, Details_ID, Prod_Qty, Prod_Description, Prod_Category, Prod_Price) values (42, 62, 67, 'Navy', 'Jackets', 66.75);
insert into Prod_Details (Product_ID, Details_ID, Prod_Qty, Prod_Description, Prod_Category, Prod_Price) values (127, 63, 42, 'Beige', 'Trousers', 63.5);
insert into Prod_Details (Product_ID, Details_ID, Prod_Qty, Prod_Description, Prod_Category, Prod_Price) values (66, 64, 80, 'Yellow', 'Accessories', 64.76);
insert into Prod_Details (Product_ID, Details_ID, Prod_Qty, Prod_Description, Prod_Category, Prod_Price) values (112, 65, 49, 'Gold', 'Trousers', 24.36);
insert into Prod_Details (Product_ID, Details_ID, Prod_Qty, Prod_Description, Prod_Category, Prod_Price) values (143, 66, 31, 'Red', 'Jackets', 52.7);
insert into Prod_Details (Product_ID, Details_ID, Prod_Qty, Prod_Description, Prod_Category, Prod_Price) values (10, 67, 44, 'Beige', 'Jackets', 54.42);
insert into Prod_Details (Product_ID, Details_ID, Prod_Qty, Prod_Description, Prod_Category, Prod_Price) values (51, 68, 46, 'Orange', 'Jackets', 64.5);
insert into Prod_Details (Product_ID, Details_ID, Prod_Qty, Prod_Description, Prod_Category, Prod_Price) values (157, 69, 85, 'Navy', 'Skirts', 19.72);
insert into Prod_Details (Product_ID, Details_ID, Prod_Qty, Prod_Description, Prod_Category, Prod_Price) values (132, 70, 12, 'Beige', 'Skirts', 62.7);
insert into Prod_Details (Product_ID, Details_ID, Prod_Qty, Prod_Description, Prod_Category, Prod_Price) values (14, 71, 31, 'Brown', 'Shorts', 15.72);
insert into Prod_Details (Product_ID, Details_ID, Prod_Qty, Prod_Description, Prod_Category, Prod_Price) values (42, 72, 67, 'Navy', 'Jackets', 66.75);
insert into Prod_Details (Product_ID, Details_ID, Prod_Qty, Prod_Description, Prod_Category, Prod_Price) values (127, 73, 42, 'Beige', 'Trousers', 63.5);
insert into Prod_Details (Product_ID, Details_ID, Prod_Qty, Prod_Description, Prod_Category, Prod_Price) values (66, 74, 80, 'Yellow', 'Accessories', 64.76);
insert into Prod_Details (Product_ID, Details_ID, Prod_Qty, Prod_Description, Prod_Category, Prod_Price) values (112, 75, 49, 'Gold', 'Trousers', 24.36);
insert into Prod_Details (Product_ID, Details_ID, Prod_Qty, Prod_Description, Prod_Category, Prod_Price) values (143, 76, 31, 'Red', 'Jackets', 52.7);
insert into Prod_Details (Product_ID, Details_ID, Prod_Qty, Prod_Description, Prod_Category, Prod_Price) values (10, 77, 44, 'Beige', 'Jackets', 54.42);
insert into Prod_Details (Product_ID, Details_ID, Prod_Qty, Prod_Description, Prod_Category, Prod_Price) values (51, 78, 46, 'Orange', 'Jackets', 64.5);
insert into Prod_Details (Product_ID, Details_ID, Prod_Qty, Prod_Description, Prod_Category, Prod_Price) values (157, 79, 85, 'Navy', 'Skirts', 19.72);
insert into Prod_Details (Product_ID, Details_ID, Prod_Qty, Prod_Description, Prod_Category, Prod_Price) values (132, 80, 12, 'Beige', 'Skirts', 62.7);
insert into Prod_Details (Product_ID, Details_ID, Prod_Qty, Prod_Description, Prod_Category, Prod_Price) values (14, 81, 31, 'Brown', 'Shorts', 15.72);
insert into Prod_Details (Product_ID, Details_ID, Prod_Qty, Prod_Description, Prod_Category, Prod_Price) values (42, 82, 67, 'Navy', 'Jackets', 66.75);
insert into Prod_Details (Product_ID, Details_ID, Prod_Qty, Prod_Description, Prod_Category, Prod_Price) values (127, 83, 42, 'Beige', 'Trousers', 63.5);
insert into Prod_Details (Product_ID, Details_ID, Prod_Qty, Prod_Description, Prod_Category, Prod_Price) values (66, 84, 80, 'Yellow', 'Accessories', 64.76);
insert into Prod_Details (Product_ID, Details_ID, Prod_Qty, Prod_Description, Prod_Category, Prod_Price) values (112, 85, 49, 'Gold', 'Trousers', 24.36);
insert into Prod_Details (Product_ID, Details_ID, Prod_Qty, Prod_Description, Prod_Category, Prod_Price) values (143, 86, 31, 'Red', 'Jackets', 52.7);
insert into Prod_Details (Product_ID, Details_ID, Prod_Qty, Prod_Description, Prod_Category, Prod_Price) values (10, 87, 44, 'Beige', 'Jackets', 54.42);
insert into Prod_Details (Product_ID, Details_ID, Prod_Qty, Prod_Description, Prod_Category, Prod_Price) values (51, 88, 46, 'Orange', 'Jackets', 64.5);
insert into Prod_Details (Product_ID, Details_ID, Prod_Qty, Prod_Description, Prod_Category, Prod_Price) values (157, 89, 85, 'Navy', 'Skirts', 19.72);
insert into Prod_Details (Product_ID, Details_ID, Prod_Qty, Prod_Description, Prod_Category, Prod_Price) values (132, 90, 12, 'Beige', 'Skirts', 62.7);
insert into Prod_Details (Product_ID, Details_ID, Prod_Qty, Prod_Description, Prod_Category, Prod_Price) values (14, 91, 31, 'Brown', 'Shorts', 15.72);
insert into Prod_Details (Product_ID, Details_ID, Prod_Qty, Prod_Description, Prod_Category, Prod_Price) values (42, 92, 67, 'Navy', 'Jackets', 66.75);
insert into Prod_Details (Product_ID, Details_ID, Prod_Qty, Prod_Description, Prod_Category, Prod_Price) values (127, 93, 42, 'Beige', 'Trousers', 63.5);
insert into Prod_Details (Product_ID, Details_ID, Prod_Qty, Prod_Description, Prod_Category, Prod_Price) values (66, 94, 80, 'Yellow', 'Accessories', 64.76);
insert into Prod_Details (Product_ID, Details_ID, Prod_Qty, Prod_Description, Prod_Category, Prod_Price) values (112, 95, 49, 'Gold', 'Trousers', 24.36);
insert into Prod_Details (Product_ID, Details_ID, Prod_Qty, Prod_Description, Prod_Category, Prod_Price) values (143, 96, 31, 'Red', 'Jackets', 52.7);
insert into Prod_Details (Product_ID, Details_ID, Prod_Qty, Prod_Description, Prod_Category, Prod_Price) values (10, 97, 44, 'Beige', 'Jackets', 54.42);
insert into Prod_Details (Product_ID, Details_ID, Prod_Qty, Prod_Description, Prod_Category, Prod_Price) values (51, 98, 46, 'Orange', 'Jackets', 64.5);
insert into Prod_Details (Product_ID, Details_ID, Prod_Qty, Prod_Description, Prod_Category, Prod_Price) values (157, 99, 85, 'Navy', 'Skirts', 19.72);
insert into Prod_Details (Product_ID, Details_ID, Prod_Qty, Prod_Description, Prod_Category, Prod_Price) values (132, 100, 12, 'Beige', 'Skirts', 62.7);
insert into Prod_Details (Product_ID, Details_ID, Prod_Qty, Prod_Description, Prod_Category, Prod_Price) values (14, 101, 31, 'Brown', 'Shorts', 15.72);
insert into Prod_Details (Product_ID, Details_ID, Prod_Qty, Prod_Description, Prod_Category, Prod_Price) values (42, 102, 67, 'Navy', 'Jackets', 66.75);
insert into Prod_Details (Product_ID, Details_ID, Prod_Qty, Prod_Description, Prod_Category, Prod_Price) values (127, 103, 42, 'Beige', 'Trousers', 63.5);
insert into Prod_Details (Product_ID, Details_ID, Prod_Qty, Prod_Description, Prod_Category, Prod_Price) values (66, 104, 80, 'Yellow', 'Accessories', 64.76);
insert into Prod_Details (Product_ID, Details_ID, Prod_Qty, Prod_Description, Prod_Category, Prod_Price) values (112, 105, 49, 'Gold', 'Trousers', 24.36);
insert into Prod_Details (Product_ID, Details_ID, Prod_Qty, Prod_Description, Prod_Category, Prod_Price) values (143, 106, 31, 'Red', 'Jackets', 52.7);
insert into Prod_Details (Product_ID, Details_ID, Prod_Qty, Prod_Description, Prod_Category, Prod_Price) values (10, 107, 44, 'Beige', 'Jackets', 54.42);
insert into Prod_Details (Product_ID, Details_ID, Prod_Qty, Prod_Description, Prod_Category, Prod_Price) values (51, 108, 46, 'Orange', 'Jackets', 64.5);
insert into Prod_Details (Product_ID, Details_ID, Prod_Qty, Prod_Description, Prod_Category, Prod_Price) values (157, 109, 85, 'Navy', 'Skirts', 19.72);
insert into Prod_Details (Product_ID, Details_ID, Prod_Qty, Prod_Description, Prod_Category, Prod_Price) values (132, 110, 12, 'Beige', 'Skirts', 62.7);
insert into Prod_Details (Product_ID, Details_ID, Prod_Qty, Prod_Description, Prod_Category, Prod_Price) values (14, 111, 31, 'Brown', 'Shorts', 15.72);
insert into Prod_Details (Product_ID, Details_ID, Prod_Qty, Prod_Description, Prod_Category, Prod_Price) values (42, 112, 67, 'Navy', 'Jackets', 66.75);
insert into Prod_Details (Product_ID, Details_ID, Prod_Qty, Prod_Description, Prod_Category, Prod_Price) values (127, 113, 42, 'Beige', 'Trousers', 63.5);
insert into Prod_Details (Product_ID, Details_ID, Prod_Qty, Prod_Description, Prod_Category, Prod_Price) values (66, 114, 80, 'Yellow', 'Accessories', 64.76);
insert into Prod_Details (Product_ID, Details_ID, Prod_Qty, Prod_Description, Prod_Category, Prod_Price) values (112, 115, 49, 'Gold', 'Trousers', 24.36);
insert into Prod_Details (Product_ID, Details_ID, Prod_Qty, Prod_Description, Prod_Category, Prod_Price) values (143, 116, 31, 'Red', 'Jackets', 52.7);
insert into Prod_Details (Product_ID, Details_ID, Prod_Qty, Prod_Description, Prod_Category, Prod_Price) values (10, 117, 44, 'Beige', 'Jackets', 54.42);
insert into Prod_Details (Product_ID, Details_ID, Prod_Qty, Prod_Description, Prod_Category, Prod_Price) values (51, 118, 46, 'Orange', 'Jackets', 64.5);
insert into Prod_Details (Product_ID, Details_ID, Prod_Qty, Prod_Description, Prod_Category, Prod_Price) values (157, 119, 85, 'Navy', 'Skirts', 19.72);
insert into Prod_Details (Product_ID, Details_ID, Prod_Qty, Prod_Description, Prod_Category, Prod_Price) values (132, 120, 12, 'Beige', 'Skirts', 62.7);
insert into Prod_Details (Product_ID, Details_ID, Prod_Qty, Prod_Description, Prod_Category, Prod_Price) values (14, 121, 31, 'Brown', 'Shorts', 15.72);
insert into Prod_Details (Product_ID, Details_ID, Prod_Qty, Prod_Description, Prod_Category, Prod_Price) values (42, 122, 67, 'Navy', 'Jackets', 66.75);
insert into Prod_Details (Product_ID, Details_ID, Prod_Qty, Prod_Description, Prod_Category, Prod_Price) values (127, 123, 42, 'Beige', 'Trousers', 63.5);
insert into Prod_Details (Product_ID, Details_ID, Prod_Qty, Prod_Description, Prod_Category, Prod_Price) values (66, 124, 80, 'Yellow', 'Accessories', 64.76);
insert into Prod_Details (Product_ID, Details_ID, Prod_Qty, Prod_Description, Prod_Category, Prod_Price) values (112, 125, 49, 'Gold', 'Trousers', 24.36);
insert into Prod_Details (Product_ID, Details_ID, Prod_Qty, Prod_Description, Prod_Category, Prod_Price) values (143, 126, 31, 'Red', 'Jackets', 52.7);
insert into Prod_Details (Product_ID, Details_ID, Prod_Qty, Prod_Description, Prod_Category, Prod_Price) values (10, 127, 44, 'Beige', 'Jackets', 54.42);
insert into Prod_Details (Product_ID, Details_ID, Prod_Qty, Prod_Description, Prod_Category, Prod_Price) values (51, 128, 46, 'Orange', 'Jackets', 64.5);
insert into Prod_Details (Product_ID, Details_ID, Prod_Qty, Prod_Description, Prod_Category, Prod_Price) values (157, 129, 85, 'Navy', 'Skirts', 19.72);
insert into Prod_Details (Product_ID, Details_ID, Prod_Qty, Prod_Description, Prod_Category, Prod_Price) values (132, 130, 12, 'Beige', 'Skirts', 62.7);
insert into Prod_Details (Product_ID, Details_ID, Prod_Qty, Prod_Description, Prod_Category, Prod_Price) values (14, 131, 31, 'Brown', 'Shorts', 15.72);
insert into Prod_Details (Product_ID, Details_ID, Prod_Qty, Prod_Description, Prod_Category, Prod_Price) values (42, 132, 67, 'Navy', 'Jackets', 66.75);
insert into Prod_Details (Product_ID, Details_ID, Prod_Qty, Prod_Description, Prod_Category, Prod_Price) values (127, 133, 42, 'Beige', 'Trousers', 63.5);
insert into Prod_Details (Product_ID, Details_ID, Prod_Qty, Prod_Description, Prod_Category, Prod_Price) values (66, 134, 80, 'Yellow', 'Accessories', 64.76);
insert into Prod_Details (Product_ID, Details_ID, Prod_Qty, Prod_Description, Prod_Category, Prod_Price) values (112, 135, 49, 'Gold', 'Trousers', 24.36);
insert into Prod_Details (Product_ID, Details_ID, Prod_Qty, Prod_Description, Prod_Category, Prod_Price) values (143, 136, 31, 'Red', 'Jackets', 52.7);
insert into Prod_Details (Product_ID, Details_ID, Prod_Qty, Prod_Description, Prod_Category, Prod_Price) values (10, 137, 44, 'Beige', 'Jackets', 54.42);
insert into Prod_Details (Product_ID, Details_ID, Prod_Qty, Prod_Description, Prod_Category, Prod_Price) values (51, 138, 46, 'Orange', 'Jackets', 64.5);
insert into Prod_Details (Product_ID, Details_ID, Prod_Qty, Prod_Description, Prod_Category, Prod_Price) values (157, 139, 85, 'Navy', 'Skirts', 19.72);
insert into Prod_Details (Product_ID, Details_ID, Prod_Qty, Prod_Description, Prod_Category, Prod_Price) values (132, 140, 12, 'Beige', 'Skirts', 62.7);
insert into Prod_Details (Product_ID, Details_ID, Prod_Qty, Prod_Description, Prod_Category, Prod_Price) values (14, 141, 31, 'Brown', 'Shorts', 15.72);
insert into Prod_Details (Product_ID, Details_ID, Prod_Qty, Prod_Description, Prod_Category, Prod_Price) values (42, 142, 67, 'Navy', 'Jackets', 66.75);
insert into Prod_Details (Product_ID, Details_ID, Prod_Qty, Prod_Description, Prod_Category, Prod_Price) values (127, 143, 42, 'Beige', 'Trousers', 63.5);
insert into Prod_Details (Product_ID, Details_ID, Prod_Qty, Prod_Description, Prod_Category, Prod_Price) values (66, 144, 80, 'Yellow', 'Accessories', 64.76);
insert into Prod_Details (Product_ID, Details_ID, Prod_Qty, Prod_Description, Prod_Category, Prod_Price) values (112, 145, 49, 'Gold', 'Trousers', 24.36);
insert into Prod_Details (Product_ID, Details_ID, Prod_Qty, Prod_Description, Prod_Category, Prod_Price) values (143, 146, 31, 'Red', 'Jackets', 52.7);
insert into Prod_Details (Product_ID, Details_ID, Prod_Qty, Prod_Description, Prod_Category, Prod_Price) values (10, 147, 44, 'Beige', 'Jackets', 54.42);
insert into Prod_Details (Product_ID, Details_ID, Prod_Qty, Prod_Description, Prod_Category, Prod_Price) values (51, 148, 46, 'Orange', 'Jackets', 64.5);
insert into Prod_Details (Product_ID, Details_ID, Prod_Qty, Prod_Description, Prod_Category, Prod_Price) values (157, 149, 85, 'Navy', 'Skirts', 19.72);
insert into Prod_Details (Product_ID, Details_ID, Prod_Qty, Prod_Description, Prod_Category, Prod_Price) values (132, 150, 12, 'Beige', 'Skirts', 62.7);
insert into Prod_Details (Product_ID, Details_ID, Prod_Qty, Prod_Description, Prod_Category, Prod_Price) values (14, 151, 31, 'Brown', 'Shorts', 15.72);
insert into Prod_Details (Product_ID, Details_ID, Prod_Qty, Prod_Description, Prod_Category, Prod_Price) values (42, 152, 67, 'Navy', 'Jackets', 66.75);
insert into Prod_Details (Product_ID, Details_ID, Prod_Qty, Prod_Description, Prod_Category, Prod_Price) values (127, 153, 42, 'Beige', 'Trousers', 63.5);
insert into Prod_Details (Product_ID, Details_ID, Prod_Qty, Prod_Description, Prod_Category, Prod_Price) values (66, 154, 80, 'Yellow', 'Accessories', 64.76);
insert into Prod_Details (Product_ID, Details_ID, Prod_Qty, Prod_Description, Prod_Category, Prod_Price) values (112, 155, 49, 'Gold', 'Trousers', 24.36);
insert into Prod_Details (Product_ID, Details_ID, Prod_Qty, Prod_Description, Prod_Category, Prod_Price) values (143, 156, 31, 'Red', 'Jackets', 52.7);
insert into Prod_Details (Product_ID, Details_ID, Prod_Qty, Prod_Description, Prod_Category, Prod_Price) values (10, 157, 44, 'Beige', 'Jackets', 54.42);
insert into Prod_Details (Product_ID, Details_ID, Prod_Qty, Prod_Description, Prod_Category, Prod_Price) values (51, 158, 46, 'Orange', 'Jackets', 64.5);
insert into Prod_Details (Product_ID, Details_ID, Prod_Qty, Prod_Description, Prod_Category, Prod_Price) values (157, 159, 85, 'Navy', 'Skirts', 19.72);
insert into Prod_Details (Product_ID, Details_ID, Prod_Qty, Prod_Description, Prod_Category, Prod_Price) values (132, 160, 12, 'Beige', 'Skirts', 62.7);
insert into Prod_Details (Product_ID, Details_ID, Prod_Qty, Prod_Description, Prod_Category, Prod_Price) values (14, 161, 31, 'Brown', 'Shorts', 15.72);
insert into Prod_Details (Product_ID, Details_ID, Prod_Qty, Prod_Description, Prod_Category, Prod_Price) values (42, 162, 67, 'Navy', 'Jackets', 66.75);
insert into Prod_Details (Product_ID, Details_ID, Prod_Qty, Prod_Description, Prod_Category, Prod_Price) values (127, 163, 42, 'Beige', 'Trousers', 63.5);
insert into Prod_Details (Product_ID, Details_ID, Prod_Qty, Prod_Description, Prod_Category, Prod_Price) values (66, 164, 80, 'Yellow', 'Accessories', 64.76);
insert into Prod_Details (Product_ID, Details_ID, Prod_Qty, Prod_Description, Prod_Category, Prod_Price) values (112, 165, 49, 'Gold', 'Trousers', 24.36);
insert into Prod_Details (Product_ID, Details_ID, Prod_Qty, Prod_Description, Prod_Category, Prod_Price) values (143, 166, 31, 'Red', 'Jackets', 52.7);
insert into Prod_Details (Product_ID, Details_ID, Prod_Qty, Prod_Description, Prod_Category, Prod_Price) values (10, 167, 44, 'Beige', 'Jackets', 54.42);
insert into Prod_Details (Product_ID, Details_ID, Prod_Qty, Prod_Description, Prod_Category, Prod_Price) values (51, 168, 46, 'Orange', 'Jackets', 64.5);
insert into Prod_Details (Product_ID, Details_ID, Prod_Qty, Prod_Description, Prod_Category, Prod_Price) values (157, 169, 85, 'Navy', 'Skirts', 19.72);
insert into Prod_Details (Product_ID, Details_ID, Prod_Qty, Prod_Description, Prod_Category, Prod_Price) values (132, 170, 12, 'Beige', 'Skirts', 62.7);
insert into Prod_Details (Product_ID, Details_ID, Prod_Qty, Prod_Description, Prod_Category, Prod_Price) values (14, 171, 31, 'Brown', 'Shorts', 15.72);
insert into Prod_Details (Product_ID, Details_ID, Prod_Qty, Prod_Description, Prod_Category, Prod_Price) values (42, 172, 67, 'Navy', 'Jackets', 66.75);
insert into Prod_Details (Product_ID, Details_ID, Prod_Qty, Prod_Description, Prod_Category, Prod_Price) values (127, 173, 42, 'Beige', 'Trousers', 63.5);
insert into Prod_Details (Product_ID, Details_ID, Prod_Qty, Prod_Description, Prod_Category, Prod_Price) values (66, 174, 80, 'Yellow', 'Accessories', 64.76);
insert into Prod_Details (Product_ID, Details_ID, Prod_Qty, Prod_Description, Prod_Category, Prod_Price) values (112, 175, 49, 'Gold', 'Trousers', 24.36);
insert into Prod_Details (Product_ID, Details_ID, Prod_Qty, Prod_Description, Prod_Category, Prod_Price) values (143, 176, 31, 'Red', 'Jackets', 52.7);
insert into Prod_Details (Product_ID, Details_ID, Prod_Qty, Prod_Description, Prod_Category, Prod_Price) values (10, 177, 44, 'Beige', 'Jackets', 54.42);
insert into Prod_Details (Product_ID, Details_ID, Prod_Qty, Prod_Description, Prod_Category, Prod_Price) values (51, 178, 46, 'Orange', 'Jackets', 64.5);
insert into Prod_Details (Product_ID, Details_ID, Prod_Qty, Prod_Description, Prod_Category, Prod_Price) values (157, 179, 85, 'Navy', 'Skirts', 19.72);
insert into Prod_Details (Product_ID, Details_ID, Prod_Qty, Prod_Description, Prod_Category, Prod_Price) values (132, 180, 12, 'Beige', 'Skirts', 62.7);
insert into Prod_Details (Product_ID, Details_ID, Prod_Qty, Prod_Description, Prod_Category, Prod_Price) values (14, 181, 31, 'Brown', 'Shorts', 15.72);
insert into Prod_Details (Product_ID, Details_ID, Prod_Qty, Prod_Description, Prod_Category, Prod_Price) values (42, 182, 67, 'Navy', 'Jackets', 66.75);
insert into Prod_Details (Product_ID, Details_ID, Prod_Qty, Prod_Description, Prod_Category, Prod_Price) values (127, 183, 42, 'Beige', 'Trousers', 63.5);
insert into Prod_Details (Product_ID, Details_ID, Prod_Qty, Prod_Description, Prod_Category, Prod_Price) values (66, 184, 80, 'Yellow', 'Accessories', 64.76);
insert into Prod_Details (Product_ID, Details_ID, Prod_Qty, Prod_Description, Prod_Category, Prod_Price) values (112, 185, 49, 'Gold', 'Trousers', 24.36);
insert into Prod_Details (Product_ID, Details_ID, Prod_Qty, Prod_Description, Prod_Category, Prod_Price) values (143, 186, 31, 'Red', 'Jackets', 52.7);
insert into Prod_Details (Product_ID, Details_ID, Prod_Qty, Prod_Description, Prod_Category, Prod_Price) values (10, 187, 44, 'Beige', 'Jackets', 54.42);
insert into Prod_Details (Product_ID, Details_ID, Prod_Qty, Prod_Description, Prod_Category, Prod_Price) values (51, 188, 46, 'Orange', 'Jackets', 64.5);
insert into Prod_Details (Product_ID, Details_ID, Prod_Qty, Prod_Description, Prod_Category, Prod_Price) values (157, 189, 85, 'Navy', 'Skirts', 19.72);
insert into Prod_Details (Product_ID, Details_ID, Prod_Qty, Prod_Description, Prod_Category, Prod_Price) values (132, 190, 12, 'Beige', 'Skirts', 62.7);
insert into Prod_Details (Product_ID, Details_ID, Prod_Qty, Prod_Description, Prod_Category, Prod_Price) values (14, 191, 31, 'Brown', 'Shorts', 15.72);
insert into Prod_Details (Product_ID, Details_ID, Prod_Qty, Prod_Description, Prod_Category, Prod_Price) values (42, 192, 67, 'Navy', 'Jackets', 66.75);
insert into Prod_Details (Product_ID, Details_ID, Prod_Qty, Prod_Description, Prod_Category, Prod_Price) values (127, 193, 42, 'Beige', 'Trousers', 63.5);
insert into Prod_Details (Product_ID, Details_ID, Prod_Qty, Prod_Description, Prod_Category, Prod_Price) values (66, 194, 80, 'Yellow', 'Accessories', 64.76);
insert into Prod_Details (Product_ID, Details_ID, Prod_Qty, Prod_Description, Prod_Category, Prod_Price) values (112, 195, 49, 'Gold', 'Trousers', 24.36);
insert into Prod_Details (Product_ID, Details_ID, Prod_Qty, Prod_Description, Prod_Category, Prod_Price) values (143, 196, 31, 'Red', 'Jackets', 52.7);
insert into Prod_Details (Product_ID, Details_ID, Prod_Qty, Prod_Description, Prod_Category, Prod_Price) values (10, 197, 44, 'Beige', 'Jackets', 54.42);
insert into Prod_Details (Product_ID, Details_ID, Prod_Qty, Prod_Description, Prod_Category, Prod_Price) values (51, 198, 46, 'Orange', 'Jackets', 64.5);
insert into Prod_Details (Product_ID, Details_ID, Prod_Qty, Prod_Description, Prod_Category, Prod_Price) values (157, 199, 85, 'Navy', 'Skirts', 19.72);
insert into Prod_Details (Product_ID, Details_ID, Prod_Qty, Prod_Description, Prod_Category, Prod_Price) values (132, 200, 12, 'Beige', 'Skirts', 62.7);

SELECT * FROM Prod_Details;

USE FashionRetailStore;
insert into Supplier (Supplier_ID, Sup_Name, Sup_Address, Sup_Tel_No, Sup_Email) values (1, 'Mosciski, Gibson and Schmitt', '14 Schmedeman Way', '+53 333 553 6421', 'wisaac0@indiegogo.com');
insert into Supplier (Supplier_ID, Sup_Name, Sup_Address, Sup_Tel_No, Sup_Email) values (2, 'Schroeder-Stark', '8 Manufacturers Alley', '+86 461 530 4669', 'bsmallbone1@elpais.com');
insert into Supplier (Supplier_ID, Sup_Name, Sup_Address, Sup_Tel_No, Sup_Email) values (3, 'Feest and Sons', '153 Comanche Drive', '+91 458 236 5595', 'pandric2@irs.gov');
insert into Supplier (Supplier_ID, Sup_Name, Sup_Address, Sup_Tel_No, Sup_Email) values (4, 'Carroll Group', '7 Florence Road', '+420 207 297 3602', 'fangeau3@bbb.org');
insert into Supplier (Supplier_ID, Sup_Name, Sup_Address, Sup_Tel_No, Sup_Email) values (5, 'Nader, Schamberger and Shanahan', '47311 Johnson Point', '+351 793 912 0354', 'lsailor4@economist.com');

SELECT * FROM Supplier;

USE FashionRetailStore;
insert into Product_Supplier (Supplier_ID, Product_ID, Prod_Supplier_ID) values (5, 41, 1);
insert into Product_Supplier (Supplier_ID, Product_ID, Prod_Supplier_ID) values (1, 65, 2);
insert into Product_Supplier (Supplier_ID, Product_ID, Prod_Supplier_ID) values (2, 165, 3);
insert into Product_Supplier (Supplier_ID, Product_ID, Prod_Supplier_ID) values (5, 126, 4);
insert into Product_Supplier (Supplier_ID, Product_ID, Prod_Supplier_ID) values (5, 1, 5);
insert into Product_Supplier (Supplier_ID, Product_ID, Prod_Supplier_ID) values (3, 29, 6);
insert into Product_Supplier (Supplier_ID, Product_ID, Prod_Supplier_ID) values (3, 43, 7);
insert into Product_Supplier (Supplier_ID, Product_ID, Prod_Supplier_ID) values (1, 147, 8);
insert into Product_Supplier (Supplier_ID, Product_ID, Prod_Supplier_ID) values (4, 159, 9);
insert into Product_Supplier (Supplier_ID, Product_ID, Prod_Supplier_ID) values (3, 30, 10);
insert into Product_Supplier (Supplier_ID, Product_ID, Prod_Supplier_ID) values (1, 105, 11);
insert into Product_Supplier (Supplier_ID, Product_ID, Prod_Supplier_ID) values (4, 13, 12);
insert into Product_Supplier (Supplier_ID, Product_ID, Prod_Supplier_ID) values (3, 61, 13);
insert into Product_Supplier (Supplier_ID, Product_ID, Prod_Supplier_ID) values (5, 179, 14);
insert into Product_Supplier (Supplier_ID, Product_ID, Prod_Supplier_ID) values (4, 7, 15);
insert into Product_Supplier (Supplier_ID, Product_ID, Prod_Supplier_ID) values (1, 81, 16);
insert into Product_Supplier (Supplier_ID, Product_ID, Prod_Supplier_ID) values (2, 98, 17);
insert into Product_Supplier (Supplier_ID, Product_ID, Prod_Supplier_ID) values (1, 7, 18);
insert into Product_Supplier (Supplier_ID, Product_ID, Prod_Supplier_ID) values (4, 58, 19);
insert into Product_Supplier (Supplier_ID, Product_ID, Prod_Supplier_ID) values (1, 197, 20);
insert into Product_Supplier (Supplier_ID, Product_ID, Prod_Supplier_ID) values (5, 93, 21);
insert into Product_Supplier (Supplier_ID, Product_ID, Prod_Supplier_ID) values (3, 71, 22);
insert into Product_Supplier (Supplier_ID, Product_ID, Prod_Supplier_ID) values (2, 191, 23);
insert into Product_Supplier (Supplier_ID, Product_ID, Prod_Supplier_ID) values (5, 195, 24);
insert into Product_Supplier (Supplier_ID, Product_ID, Prod_Supplier_ID) values (4, 172, 25);
insert into Product_Supplier (Supplier_ID, Product_ID, Prod_Supplier_ID) values (3, 199, 26);
insert into Product_Supplier (Supplier_ID, Product_ID, Prod_Supplier_ID) values (3, 80, 27);
insert into Product_Supplier (Supplier_ID, Product_ID, Prod_Supplier_ID) values (3, 76, 28);
insert into Product_Supplier (Supplier_ID, Product_ID, Prod_Supplier_ID) values (3, 90, 29);
insert into Product_Supplier (Supplier_ID, Product_ID, Prod_Supplier_ID) values (4, 23, 30);
insert into Product_Supplier (Supplier_ID, Product_ID, Prod_Supplier_ID) values (1, 165, 31);
insert into Product_Supplier (Supplier_ID, Product_ID, Prod_Supplier_ID) values (4, 136, 32);
insert into Product_Supplier (Supplier_ID, Product_ID, Prod_Supplier_ID) values (5, 111, 33);
insert into Product_Supplier (Supplier_ID, Product_ID, Prod_Supplier_ID) values (2, 7, 34);
insert into Product_Supplier (Supplier_ID, Product_ID, Prod_Supplier_ID) values (5, 182, 35);
insert into Product_Supplier (Supplier_ID, Product_ID, Prod_Supplier_ID) values (2, 125, 36);
insert into Product_Supplier (Supplier_ID, Product_ID, Prod_Supplier_ID) values (2, 44, 37);
insert into Product_Supplier (Supplier_ID, Product_ID, Prod_Supplier_ID) values (3, 22, 38);
insert into Product_Supplier (Supplier_ID, Product_ID, Prod_Supplier_ID) values (2, 110, 39);
insert into Product_Supplier (Supplier_ID, Product_ID, Prod_Supplier_ID) values (4, 111, 40);
insert into Product_Supplier (Supplier_ID, Product_ID, Prod_Supplier_ID) values (2, 4, 41);
insert into Product_Supplier (Supplier_ID, Product_ID, Prod_Supplier_ID) values (5, 37, 42);
insert into Product_Supplier (Supplier_ID, Product_ID, Prod_Supplier_ID) values (1, 174, 43);
insert into Product_Supplier (Supplier_ID, Product_ID, Prod_Supplier_ID) values (3, 5, 44);
insert into Product_Supplier (Supplier_ID, Product_ID, Prod_Supplier_ID) values (3, 107, 45);
insert into Product_Supplier (Supplier_ID, Product_ID, Prod_Supplier_ID) values (3, 110, 46);
insert into Product_Supplier (Supplier_ID, Product_ID, Prod_Supplier_ID) values (5, 106, 47);
insert into Product_Supplier (Supplier_ID, Product_ID, Prod_Supplier_ID) values (5, 153, 48);
insert into Product_Supplier (Supplier_ID, Product_ID, Prod_Supplier_ID) values (3, 89, 49);
insert into Product_Supplier (Supplier_ID, Product_ID, Prod_Supplier_ID) values (1, 85, 50);
insert into Product_Supplier (Supplier_ID, Product_ID, Prod_Supplier_ID) values (5, 176, 51);
insert into Product_Supplier (Supplier_ID, Product_ID, Prod_Supplier_ID) values (1, 173, 52);
insert into Product_Supplier (Supplier_ID, Product_ID, Prod_Supplier_ID) values (1, 71, 53);
insert into Product_Supplier (Supplier_ID, Product_ID, Prod_Supplier_ID) values (4, 72, 54);
insert into Product_Supplier (Supplier_ID, Product_ID, Prod_Supplier_ID) values (2, 126, 55);
insert into Product_Supplier (Supplier_ID, Product_ID, Prod_Supplier_ID) values (3, 99, 56);
insert into Product_Supplier (Supplier_ID, Product_ID, Prod_Supplier_ID) values (4, 64, 57);
insert into Product_Supplier (Supplier_ID, Product_ID, Prod_Supplier_ID) values (1, 76, 58);
insert into Product_Supplier (Supplier_ID, Product_ID, Prod_Supplier_ID) values (2, 187, 59);
insert into Product_Supplier (Supplier_ID, Product_ID, Prod_Supplier_ID) values (2, 43, 60);
insert into Product_Supplier (Supplier_ID, Product_ID, Prod_Supplier_ID) values (4, 114, 61);
insert into Product_Supplier (Supplier_ID, Product_ID, Prod_Supplier_ID) values (4, 56, 62);
insert into Product_Supplier (Supplier_ID, Product_ID, Prod_Supplier_ID) values (1, 102, 63);
insert into Product_Supplier (Supplier_ID, Product_ID, Prod_Supplier_ID) values (4, 32, 64);
insert into Product_Supplier (Supplier_ID, Product_ID, Prod_Supplier_ID) values (3, 66, 65);
insert into Product_Supplier (Supplier_ID, Product_ID, Prod_Supplier_ID) values (5, 35, 66);
insert into Product_Supplier (Supplier_ID, Product_ID, Prod_Supplier_ID) values (3, 141, 67);
insert into Product_Supplier (Supplier_ID, Product_ID, Prod_Supplier_ID) values (4, 132, 68);
insert into Product_Supplier (Supplier_ID, Product_ID, Prod_Supplier_ID) values (3, 50, 69);
insert into Product_Supplier (Supplier_ID, Product_ID, Prod_Supplier_ID) values (5, 195, 70);
insert into Product_Supplier (Supplier_ID, Product_ID, Prod_Supplier_ID) values (5, 79, 71);
insert into Product_Supplier (Supplier_ID, Product_ID, Prod_Supplier_ID) values (2, 162, 72);
insert into Product_Supplier (Supplier_ID, Product_ID, Prod_Supplier_ID) values (4, 52, 73);
insert into Product_Supplier (Supplier_ID, Product_ID, Prod_Supplier_ID) values (2, 183, 74);
insert into Product_Supplier (Supplier_ID, Product_ID, Prod_Supplier_ID) values (4, 190, 75);
insert into Product_Supplier (Supplier_ID, Product_ID, Prod_Supplier_ID) values (5, 22, 76);
insert into Product_Supplier (Supplier_ID, Product_ID, Prod_Supplier_ID) values (4, 145, 77);
insert into Product_Supplier (Supplier_ID, Product_ID, Prod_Supplier_ID) values (3, 112, 78);
insert into Product_Supplier (Supplier_ID, Product_ID, Prod_Supplier_ID) values (1, 126, 79);
insert into Product_Supplier (Supplier_ID, Product_ID, Prod_Supplier_ID) values (2, 156, 80);
insert into Product_Supplier (Supplier_ID, Product_ID, Prod_Supplier_ID) values (1, 51, 81);
insert into Product_Supplier (Supplier_ID, Product_ID, Prod_Supplier_ID) values (5, 96, 82);
insert into Product_Supplier (Supplier_ID, Product_ID, Prod_Supplier_ID) values (2, 71, 83);
insert into Product_Supplier (Supplier_ID, Product_ID, Prod_Supplier_ID) values (4, 176, 84);
insert into Product_Supplier (Supplier_ID, Product_ID, Prod_Supplier_ID) values (4, 171, 85);
insert into Product_Supplier (Supplier_ID, Product_ID, Prod_Supplier_ID) values (3, 59, 86);
insert into Product_Supplier (Supplier_ID, Product_ID, Prod_Supplier_ID) values (2, 200, 87);
insert into Product_Supplier (Supplier_ID, Product_ID, Prod_Supplier_ID) values (1, 84, 88);
insert into Product_Supplier (Supplier_ID, Product_ID, Prod_Supplier_ID) values (1, 69, 89);
insert into Product_Supplier (Supplier_ID, Product_ID, Prod_Supplier_ID) values (4, 196, 90);
insert into Product_Supplier (Supplier_ID, Product_ID, Prod_Supplier_ID) values (2, 51, 91);
insert into Product_Supplier (Supplier_ID, Product_ID, Prod_Supplier_ID) values (5, 78, 92);
insert into Product_Supplier (Supplier_ID, Product_ID, Prod_Supplier_ID) values (3, 193, 93);
insert into Product_Supplier (Supplier_ID, Product_ID, Prod_Supplier_ID) values (5, 74, 94);
insert into Product_Supplier (Supplier_ID, Product_ID, Prod_Supplier_ID) values (5, 127, 95);
insert into Product_Supplier (Supplier_ID, Product_ID, Prod_Supplier_ID) values (3, 135, 96);
insert into Product_Supplier (Supplier_ID, Product_ID, Prod_Supplier_ID) values (5, 8, 97);
insert into Product_Supplier (Supplier_ID, Product_ID, Prod_Supplier_ID) values (2, 55, 98);
insert into Product_Supplier (Supplier_ID, Product_ID, Prod_Supplier_ID) values (3, 89, 99);
insert into Product_Supplier (Supplier_ID, Product_ID, Prod_Supplier_ID) values (5, 38, 100);
insert into Product_Supplier (Supplier_ID, Product_ID, Prod_Supplier_ID) values (5, 157, 101);
insert into Product_Supplier (Supplier_ID, Product_ID, Prod_Supplier_ID) values (5, 87, 102);
insert into Product_Supplier (Supplier_ID, Product_ID, Prod_Supplier_ID) values (2, 26, 103);
insert into Product_Supplier (Supplier_ID, Product_ID, Prod_Supplier_ID) values (4, 86, 104);
insert into Product_Supplier (Supplier_ID, Product_ID, Prod_Supplier_ID) values (4, 83, 105);
insert into Product_Supplier (Supplier_ID, Product_ID, Prod_Supplier_ID) values (5, 156, 106);
insert into Product_Supplier (Supplier_ID, Product_ID, Prod_Supplier_ID) values (5, 28, 107);
insert into Product_Supplier (Supplier_ID, Product_ID, Prod_Supplier_ID) values (3, 55, 108);
insert into Product_Supplier (Supplier_ID, Product_ID, Prod_Supplier_ID) values (2, 21, 109);
insert into Product_Supplier (Supplier_ID, Product_ID, Prod_Supplier_ID) values (1, 99, 110);
insert into Product_Supplier (Supplier_ID, Product_ID, Prod_Supplier_ID) values (1, 143, 111);
insert into Product_Supplier (Supplier_ID, Product_ID, Prod_Supplier_ID) values (5, 189, 112);
insert into Product_Supplier (Supplier_ID, Product_ID, Prod_Supplier_ID) values (1, 65, 113);
insert into Product_Supplier (Supplier_ID, Product_ID, Prod_Supplier_ID) values (3, 111, 114);
insert into Product_Supplier (Supplier_ID, Product_ID, Prod_Supplier_ID) values (1, 53, 115);
insert into Product_Supplier (Supplier_ID, Product_ID, Prod_Supplier_ID) values (2, 66, 116);
insert into Product_Supplier (Supplier_ID, Product_ID, Prod_Supplier_ID) values (1, 47, 117);
insert into Product_Supplier (Supplier_ID, Product_ID, Prod_Supplier_ID) values (2, 158, 118);
insert into Product_Supplier (Supplier_ID, Product_ID, Prod_Supplier_ID) values (3, 58, 119);
insert into Product_Supplier (Supplier_ID, Product_ID, Prod_Supplier_ID) values (3, 104, 120);
insert into Product_Supplier (Supplier_ID, Product_ID, Prod_Supplier_ID) values (2, 124, 121);
insert into Product_Supplier (Supplier_ID, Product_ID, Prod_Supplier_ID) values (1, 110, 122);
insert into Product_Supplier (Supplier_ID, Product_ID, Prod_Supplier_ID) values (3, 48, 123);
insert into Product_Supplier (Supplier_ID, Product_ID, Prod_Supplier_ID) values (3, 26, 124);
insert into Product_Supplier (Supplier_ID, Product_ID, Prod_Supplier_ID) values (5, 136, 125);
insert into Product_Supplier (Supplier_ID, Product_ID, Prod_Supplier_ID) values (1, 164, 126);
insert into Product_Supplier (Supplier_ID, Product_ID, Prod_Supplier_ID) values (2, 22, 127);
insert into Product_Supplier (Supplier_ID, Product_ID, Prod_Supplier_ID) values (5, 97, 128);
insert into Product_Supplier (Supplier_ID, Product_ID, Prod_Supplier_ID) values (1, 158, 129);
insert into Product_Supplier (Supplier_ID, Product_ID, Prod_Supplier_ID) values (1, 14, 130);
insert into Product_Supplier (Supplier_ID, Product_ID, Prod_Supplier_ID) values (5, 37, 131);
insert into Product_Supplier (Supplier_ID, Product_ID, Prod_Supplier_ID) values (4, 77, 132);
insert into Product_Supplier (Supplier_ID, Product_ID, Prod_Supplier_ID) values (1, 49, 133);
insert into Product_Supplier (Supplier_ID, Product_ID, Prod_Supplier_ID) values (3, 37, 134);
insert into Product_Supplier (Supplier_ID, Product_ID, Prod_Supplier_ID) values (3, 145, 135);
insert into Product_Supplier (Supplier_ID, Product_ID, Prod_Supplier_ID) values (4, 110, 136);
insert into Product_Supplier (Supplier_ID, Product_ID, Prod_Supplier_ID) values (1, 65, 137);
insert into Product_Supplier (Supplier_ID, Product_ID, Prod_Supplier_ID) values (2, 73, 138);
insert into Product_Supplier (Supplier_ID, Product_ID, Prod_Supplier_ID) values (2, 179, 139);
insert into Product_Supplier (Supplier_ID, Product_ID, Prod_Supplier_ID) values (5, 118, 140);
insert into Product_Supplier (Supplier_ID, Product_ID, Prod_Supplier_ID) values (1, 32, 141);
insert into Product_Supplier (Supplier_ID, Product_ID, Prod_Supplier_ID) values (4, 24, 142);
insert into Product_Supplier (Supplier_ID, Product_ID, Prod_Supplier_ID) values (5, 154, 143);
insert into Product_Supplier (Supplier_ID, Product_ID, Prod_Supplier_ID) values (1, 165, 144);
insert into Product_Supplier (Supplier_ID, Product_ID, Prod_Supplier_ID) values (2, 151, 145);
insert into Product_Supplier (Supplier_ID, Product_ID, Prod_Supplier_ID) values (5, 97, 146);
insert into Product_Supplier (Supplier_ID, Product_ID, Prod_Supplier_ID) values (2, 163, 147);
insert into Product_Supplier (Supplier_ID, Product_ID, Prod_Supplier_ID) values (3, 87, 148);
insert into Product_Supplier (Supplier_ID, Product_ID, Prod_Supplier_ID) values (4, 137, 149);
insert into Product_Supplier (Supplier_ID, Product_ID, Prod_Supplier_ID) values (3, 40, 150);
insert into Product_Supplier (Supplier_ID, Product_ID, Prod_Supplier_ID) values (3, 161, 151);
insert into Product_Supplier (Supplier_ID, Product_ID, Prod_Supplier_ID) values (3, 115, 152);
insert into Product_Supplier (Supplier_ID, Product_ID, Prod_Supplier_ID) values (1, 71, 153);
insert into Product_Supplier (Supplier_ID, Product_ID, Prod_Supplier_ID) values (4, 73, 154);
insert into Product_Supplier (Supplier_ID, Product_ID, Prod_Supplier_ID) values (5, 191, 155);
insert into Product_Supplier (Supplier_ID, Product_ID, Prod_Supplier_ID) values (1, 77, 156);
insert into Product_Supplier (Supplier_ID, Product_ID, Prod_Supplier_ID) values (1, 127, 157);
insert into Product_Supplier (Supplier_ID, Product_ID, Prod_Supplier_ID) values (1, 149, 158);
insert into Product_Supplier (Supplier_ID, Product_ID, Prod_Supplier_ID) values (3, 129, 159);
insert into Product_Supplier (Supplier_ID, Product_ID, Prod_Supplier_ID) values (5, 26, 160);
insert into Product_Supplier (Supplier_ID, Product_ID, Prod_Supplier_ID) values (3, 60, 161);
insert into Product_Supplier (Supplier_ID, Product_ID, Prod_Supplier_ID) values (2, 185, 162);
insert into Product_Supplier (Supplier_ID, Product_ID, Prod_Supplier_ID) values (5, 50, 163);
insert into Product_Supplier (Supplier_ID, Product_ID, Prod_Supplier_ID) values (3, 36, 164);
insert into Product_Supplier (Supplier_ID, Product_ID, Prod_Supplier_ID) values (3, 169, 165);
insert into Product_Supplier (Supplier_ID, Product_ID, Prod_Supplier_ID) values (3, 65, 166);
insert into Product_Supplier (Supplier_ID, Product_ID, Prod_Supplier_ID) values (2, 67, 167);
insert into Product_Supplier (Supplier_ID, Product_ID, Prod_Supplier_ID) values (3, 6, 168);
insert into Product_Supplier (Supplier_ID, Product_ID, Prod_Supplier_ID) values (1, 125, 169);
insert into Product_Supplier (Supplier_ID, Product_ID, Prod_Supplier_ID) values (5, 15, 170);
insert into Product_Supplier (Supplier_ID, Product_ID, Prod_Supplier_ID) values (1, 162, 171);
insert into Product_Supplier (Supplier_ID, Product_ID, Prod_Supplier_ID) values (2, 158, 172);
insert into Product_Supplier (Supplier_ID, Product_ID, Prod_Supplier_ID) values (5, 37, 173);
insert into Product_Supplier (Supplier_ID, Product_ID, Prod_Supplier_ID) values (4, 192, 174);
insert into Product_Supplier (Supplier_ID, Product_ID, Prod_Supplier_ID) values (1, 55, 175);
insert into Product_Supplier (Supplier_ID, Product_ID, Prod_Supplier_ID) values (3, 56, 176);
insert into Product_Supplier (Supplier_ID, Product_ID, Prod_Supplier_ID) values (1, 187, 177);
insert into Product_Supplier (Supplier_ID, Product_ID, Prod_Supplier_ID) values (5, 46, 178);
insert into Product_Supplier (Supplier_ID, Product_ID, Prod_Supplier_ID) values (4, 83, 179);
insert into Product_Supplier (Supplier_ID, Product_ID, Prod_Supplier_ID) values (2, 35, 180);
insert into Product_Supplier (Supplier_ID, Product_ID, Prod_Supplier_ID) values (2, 175, 181);
insert into Product_Supplier (Supplier_ID, Product_ID, Prod_Supplier_ID) values (2, 12, 182);
insert into Product_Supplier (Supplier_ID, Product_ID, Prod_Supplier_ID) values (4, 141, 183);
insert into Product_Supplier (Supplier_ID, Product_ID, Prod_Supplier_ID) values (1, 19, 184);
insert into Product_Supplier (Supplier_ID, Product_ID, Prod_Supplier_ID) values (3, 180, 185);
insert into Product_Supplier (Supplier_ID, Product_ID, Prod_Supplier_ID) values (2, 101, 186);
insert into Product_Supplier (Supplier_ID, Product_ID, Prod_Supplier_ID) values (4, 152, 187);
insert into Product_Supplier (Supplier_ID, Product_ID, Prod_Supplier_ID) values (2, 48, 188);
insert into Product_Supplier (Supplier_ID, Product_ID, Prod_Supplier_ID) values (2, 136, 189);
insert into Product_Supplier (Supplier_ID, Product_ID, Prod_Supplier_ID) values (3, 81, 190);
insert into Product_Supplier (Supplier_ID, Product_ID, Prod_Supplier_ID) values (4, 68, 191);
insert into Product_Supplier (Supplier_ID, Product_ID, Prod_Supplier_ID) values (2, 10, 192);
insert into Product_Supplier (Supplier_ID, Product_ID, Prod_Supplier_ID) values (5, 198, 193);
insert into Product_Supplier (Supplier_ID, Product_ID, Prod_Supplier_ID) values (4, 2, 194);
insert into Product_Supplier (Supplier_ID, Product_ID, Prod_Supplier_ID) values (3, 137, 195);
insert into Product_Supplier (Supplier_ID, Product_ID, Prod_Supplier_ID) values (2, 200, 196);
insert into Product_Supplier (Supplier_ID, Product_ID, Prod_Supplier_ID) values (3, 186, 197);
insert into Product_Supplier (Supplier_ID, Product_ID, Prod_Supplier_ID) values (3, 129, 198);
insert into Product_Supplier (Supplier_ID, Product_ID, Prod_Supplier_ID) values (2, 164, 199);
insert into Product_Supplier (Supplier_ID, Product_ID, Prod_Supplier_ID) values (2, 126, 200);

SELECT * FROM Product_Supplier;

/*Part 3*/

/*Q1*/
USE FashionRetailStore;
UPDATE Prod_Details
SET Prod_Price = Prod_Price + 2.00;

SELECT * FROM Prod_Details;

/*Q2*/
USE FashionRetailStore;
ALTER TABLE Order_Item
DROP COLUMN Order_Qty;

SELECT * FROM Order_Item;

/*Q3*/
USE FashionRetailStore;
SELECT COUNT(Order_ID) AS Total_Transactions
FROM Orders;

SELECT C.Customer_ID, C.F_Name, C.L_Name, COUNT(O.Order_ID) AS Total_Orders
FROM Customers C
JOIN Orders O ON C.Customer_ID = O.Customer_ID
GROUP BY C.Customer_ID, C.F_Name, C.L_Name
ORDER BY Total_Orders DESC
LIMIT 1;

/*Q4*/
USE FashionRetailStore;
SELECT CA.City, COUNT(O.Order_ID) AS Total_Orders
FROM Cust_Address CA
JOIN Orders O ON CA.Customer_ID = O.Customer_ID
GROUP BY CA.City
ORDER BY Total_Orders DESC;

/*Q5*/
USE FashionRetailStore;
SELECT C.F_Name, C.L_Name, CC.Email
FROM Customers C
JOIN Cust_Contact CC ON C.Customer_ID = CC.Customer_ID
WHERE CC.Email LIKE '%gmail%';

/*Q6*/
USE FashionRetailStore;
SELECT C.F_Name, C.L_Name, O.Order_ID, P.Prod_Name, COUNT(OI.Order_Item_ID) AS Total_Items
FROM Customers C
JOIN Orders O ON C.Customer_ID = O.Customer_ID
JOIN Order_Item OI ON O.Order_ID = OI.Order_ID
JOIN Product P ON OI.Order_Item_ID = P.Product_ID
GROUP BY C.F_Name, C.L_Name, O.Order_ID, P.Prod_Name
ORDER BY C.L_Name;

/*Q7*/
USE FashionRetailStore;
CREATE VIEW Most_Sold_Items AS
SELECT P.Prod_Name, COUNT(OI.Order_Item_ID) AS Total_Sales
FROM Product P
JOIN Order_Item OI ON P.Product_ID = OI.Order_Item_ID
GROUP BY P.Product_ID, P.Prod_Name
ORDER BY Total_Sales DESC
LIMIT 5;

SELECT * FROM Most_Sold_Items;

/*Q8*/
USE FashionRetailStore;

SELECT 
    MONTH(Order_Date) AS Month, 
    COUNT(DISTINCT Order_ID) AS Total_Transactions
FROM Order_Item
GROUP BY MONTH(Order_Date)
ORDER BY Month;

SELECT C.F_Name, C.L_Name, 
    MONTH(OI.Order_Date) AS Month, 
    SUM(PD.Prod_Price) AS Total_Purchase_Value
FROM Customers C
JOIN Orders O ON C.Customer_ID = O.Customer_ID
JOIN Order_Item OI ON O.Order_ID = OI.Order_ID
JOIN Prod_Details PD ON OI.Order_Item_ID = PD.Product_ID
GROUP BY C.Customer_ID, MONTH(OI.Order_Date)
ORDER BY Month, Total_Purchase_Value DESC;

SELECT P.Prod_Name, 
    MONTH(OI.Order_Date) AS Month, 
    COUNT(OI.Order_Item_ID) AS Total_Items_Sold
FROM Product P
JOIN Order_Item OI ON P.Product_ID = OI.Order_Item_ID
GROUP BY P.Prod_Name, MONTH(OI.Order_Date)
ORDER BY Month, Total_Items_Sold DESC;

